id;X_0;X_1;X_2;X_3;X_4;X_5;X_6;X_7;X_8;X_9;X_10;X_11;X_12;X_13;X_14;X_15;X_16;X_17;X_18;X_19;X_20;X_21;X_22;X_23;X_24;X_25;X_26;X_27;X_28;X_29;X_30;X_31;X_32;X_33;X_34;X_35;X_36;X_37;X_38;X_39;X_40;X_41;X_42;X_43;X_44;X_45;X_46;X_47;X_48;X_49;X_50;X_51;X_52;X_53;X_54;X_55;X_56;X_57;X_58;X_59;X_60;X_61;X_62;X_63;X_64;X_65;X_66;X_67;X_68;X_69;X_70;X_71;X_72;X_73;X_74;X_75;X_76;X_77;X_78;X_79;X_80;X_81;X_82;X_83;X_84;X_85;X_86;X_87;X_88;X_89;X_90;X_91;X_92;X_93;X_94;X_95;X_96;X_97;X_98;X_99;X_100;X_101;X_102;X_103;X_104;X_105;X_106;X_107;X_108;X_109;X_110;X_111;X_112;X_113;X_114;X_115;X_116;X_117;X_118;X_119;X_120;X_121;X_122;X_123;X_124;X_125;X_126;X_127;X_128;X_129;X_130;X_131;X_132;X_133;X_134;X_135;X_136;X_137;X_138;X_139;X_140;X_141;X_142;X_143;X_144;X_145;X_146;X_147;X_148;X_149;X_150;X_151;X_152;X_153;X_154;X_155;X_156;X_157;X_158;X_159;X_160;X_161;X_162;X_163;X_164;X_165
CHEMBL1201356;0.0;0.0;0.0;0.0;0.0;0.0;0.0;0.0;0.0;0.0;0.0;0.0;0.0;0.0;0.0;0.0;0.0;0.0;0.0;0.0;0.0;0.0;0.0;0.0;0.0;1.0;0.0;0.0;0.0;0.0;0.0;0.0;0.0;0.0;0.0;0.0;0.0;0.0;0.0;0.0;0.0;0.0;0.0;0.0;0.0;0.0;0.0;0.0;0.0;1.0;0.0;0.0;0.0;1.0;0.0;0.0;0.0;0.0;0.0;0.0;0.0;0.0;0.0;0.0;2.0;0.0;0.0;0.0;0.0;0.0;0.0;0.0;0.0;0.0;2.0;1.0;0.0;0.0;0.0;1.0;0.0;1.0;1.0;0.0;1.0;1.0;0.0;0.0;0.0;3.0;1.0;1.0;1.0;0.0;1.0;1.0;1.0;1.0;1.0;1.0;16.0;0.0;0.0;2.0;6.0;0.0;0.0;0.0;1.0;1.0;3.0;0.0;0.0;1.0;1.0;2.0;1.0;0.0;0.0;2.0;2.0;1.0;0.0;0.0;0.0;0.0;0.0;2.0;3.0;0.0;0.0;0.0;0.0;1.0;2.0;2.0;1.0;2.0;2.0;3.0;0.0;3.0;0.0;1.0;2.0;0.0;2.0;0.0;1.0;2.0;4.0;1.0;5.0;9.0;16.0;0.0;0.0;0.0;0.0;0.0;0.0;0.0;0.0;0.0;0.0;0.0
CHEMBL6437;0.0;0.0;0.0;0.0;0.0;0.0;0.0;0.0;0.0;0.0;0.0;0.0;0.0;0.0;0.0;0.0;0.0;0.0;1.0;0.0;0.0;0.0;0.0;0.0;0.0;0.0;0.0;0.0;0.0;0.0;0.0;0.0;0.0;0.0;0.0;0.0;0.0;0.0;0.0;0.0;0.0;0.0;0.0;0.0;0.0;0.0;0.0;0.0;0.0;0.0;0.0;0.0;0.0;0.0;0.0;0.0;0.0;0.0;0.0;0.0;0.0;0.0;0.0;0.0;0.0;0.0;0.0;0.0;0.0;0.0;0.0;0.0;0.0;0.0;2.0;0.0;0.0;0.0;2.0;0.0;0.0;0.0;0.0;0.0;2.0;3.0;0.0;0.0;0.0;0.0;0.0;0.0;1.0;0.0;0.0;0.0;0.0;1.0;0.0;3.0;19.0;0.0;0.0;0.0;6.0;0.0;0.0;0.0;0.0;0.0;2.0;0.0;0.0;0.0;2.0;1.0;0.0;2.0;0.0;2.0;2.0;2.0;0.0;0.0;0.0;0.0;4.0;4.0;0.0;0.0;0.0;0.0;2.0;0.0;2.0;3.0;0.0;0.0;1.0;2.0;2.0;3.0;2.0;2.0;1.0;0.0;0.0;0.0;0.0;0.0;2.0;0.0;6.0;12.0;19.0;0.0;0.0;0.0;0.0;0.0;0.0;0.0;0.0;0.0;0.0;0.0
CHEMBL2;0.0;0.0;0.0;0.0;0.0;0.0;0.0;0.0;0.0;0.0;0.0;0.0;0.0;0.0;0.0;0.0;0.0;0.0;0.0;0.0;0.0;0.0;0.0;0.0;1.0;0.0;0.0;0.0;0.0;0.0;0.0;0.0;0.0;0.0;0.0;0.0;0.0;1.0;0.0;0.0;0.0;0.0;1.0;0.0;0.0;0.0;0.0;0.0;0.0;0.0;0.0;0.0;0.0;0.0;0.0;0.0;1.0;0.0;0.0;0.0;0.0;4.0;0.0;0.0;4.0;0.0;0.0;0.0;0.0;0.0;0.0;2.0;0.0;0.0;4.0;0.0;4.0;1.0;2.0;4.0;0.0;0.0;1.0;0.0;2.0;2.0;0.0;0.0;0.0;1.0;1.0;1.0;2.0;0.0;1.0;1.0;1.0;2.0;0.0;4.0;10.0;0.0;0.0;0.0;2.0;1.0;0.0;0.0;0.0;1.0;2.0;0.0;4.0;0.0;0.0;0.0;1.0;2.0;1.0;5.0;4.0;2.0;0.0;0.0;2.0;4.0;2.0;6.0;2.0;0.0;4.0;0.0;4.0;1.0;5.0;4.0;0.0;4.0;2.0;5.0;1.0;3.0;2.0;2.0;2.0;1.0;2.0;3.0;1.0;0.0;4.0;4.0;6.0;15.0;21.0;0.0;0.0;0.0;0.0;0.0;0.0;0.0;0.0;0.0;0.0;0.0
CHEMBL7002;0.0;0.0;0.0;0.0;0.0;0.0;0.0;0.0;0.0;0.0;0.0;0.0;0.0;0.0;0.0;0.0;0.0;0.0;0.0;0.0;0.0;0.0;0.0;0.0;0.0;0.0;0.0;0.0;0.0;0.0;0.0;0.0;0.0;0.0;0.0;1.0;0.0;0.0;0.0;0.0;0.0;0.0;0.0;0.0;0.0;0.0;1.0;0.0;0.0;0.0;0.0;0.0;0.0;0.0;0.0;0.0;0.0;0.0;0.0;0.0;0.0;0.0;0.0;0.0;0.0;1.0;0.0;0.0;0.0;0.0;0.0;0.0;0.0;0.0;0.0;0.0;0.0;1.0;0.0;0.0;2.0;0.0;1.0;0.0;0.0;0.0;0.0;1.0;1.0;1.0;0.0;1.0;0.0;0.0;0.0;1.0;0.0;0.0;0.0;0.0;0.0;0.0;0.0;0.0;0.0;1.0;0.0;2.0;1.0;2.0;0.0;1.0;2.0;0.0;3.0;1.0;2.0;6.0;1.0;2.0;1.0;0.0;0.0;0.0;1.0;6.0;5.0;7.0;1.0;0.0;0.0;0.0;0.0;1.0;2.0;1.0;1.0;3.0;1.0;1.0;0.0;2.0;6.0;0.0;1.0;1.0;0.0;1.0;1.0;2.0;2.0;3.0;1.0;6.0;17.0;0.0;0.0;0.0;0.0;0.0;0.0;0.0;0.0;0.0;0.0;0.0
CHEMBL7568;0.0;0.0;0.0;0.0;0.0;0.0;0.0;0.0;0.0;0.0;0.0;0.0;0.0;0.0;0.0;0.0;0.0;0.0;0.0;0.0;0.0;0.0;0.0;0.0;0.0;0.0;0.0;0.0;0.0;0.0;0.0;0.0;0.0;0.0;0.0;0.0;0.0;0.0;0.0;0.0;0.0;0.0;0.0;0.0;0.0;0.0;0.0;0.0;0.0;0.0;0.0;0.0;0.0;0.0;0.0;0.0;0.0;0.0;0.0;0.0;0.0;0.0;0.0;0.0;2.0;0.0;0.0;0.0;0.0;0.0;0.0;0.0;0.0;0.0;0.0;0.0;0.0;1.0;0.0;2.0;0.0;0.0;0.0;0.0;1.0;3.0;2.0;0.0;0.0;0.0;0.0;0.0;1.0;0.0;0.0;0.0;0.0;1.0;0.0;3.0;14.0;0.0;1.0;0.0;4.0;0.0;1.0;3.0;0.0;0.0;2.0;0.0;2.0;2.0;1.0;3.0;0.0;4.0;1.0;1.0;1.0;1.0;0.0;0.0;1.0;2.0;3.0;3.0;1.0;0.0;2.0;1.0;2.0;0.0;1.0;3.0;0.0;1.0;4.0;3.0;0.0;3.0;4.0;1.0;4.0;0.0;1.0;1.0;0.0;5.0;4.0;2.0;4.0;14.0;14.0;0.0;0.0;0.0;0.0;0.0;0.0;0.0;0.0;0.0;0.0;0.0
CHEMBL479;0.0;0.0;0.0;0.0;0.0;0.0;0.0;0.0;0.0;0.0;0.0;0.0;0.0;0.0;0.0;0.0;0.0;0.0;0.0;0.0;0.0;0.0;0.0;0.0;0.0;0.0;0.0;0.0;0.0;0.0;0.0;0.0;0.0;0.0;0.0;1.0;0.0;0.0;0.0;0.0;0.0;0.0;0.0;0.0;0.0;0.0;0.0;0.0;0.0;0.0;0.0;0.0;0.0;0.0;0.0;0.0;0.0;0.0;6.0;0.0;0.0;0.0;0.0;2.0;0.0;0.0;0.0;0.0;0.0;0.0;0.0;0.0;0.0;0.0;4.0;0.0;0.0;0.0;0.0;1.0;3.0;0.0;0.0;0.0;2.0;1.0;0.0;2.0;0.0;0.0;0.0;0.0;2.0;0.0;0.0;0.0;0.0;2.0;0.0;2.0;14.0;0.0;0.0;0.0;4.0;0.0;0.0;3.0;0.0;0.0;4.0;0.0;0.0;0.0;1.0;1.0;0.0;7.0;0.0;3.0;2.0;2.0;0.0;0.0;0.0;0.0;5.0;6.0;0.0;0.0;0.0;0.0;4.0;0.0;3.0;2.0;0.0;0.0;2.0;2.0;2.0;4.0;7.0;2.0;2.0;1.0;0.0;0.0;0.0;2.0;3.0;0.0;6.0;12.0;20.0;0.0;0.0;0.0;0.0;0.0;0.0;0.0;0.0;0.0;0.0;0.0
CHEMBL411;0.0;0.0;0.0;0.0;0.0;0.0;0.0;0.0;0.0;0.0;0.0;0.0;0.0;0.0;0.0;0.0;0.0;0.0;0.0;0.0;0.0;0.0;0.0;0.0;0.0;0.0;0.0;0.0;0.0;0.0;0.0;0.0;0.0;0.0;0.0;0.0;0.0;0.0;0.0;0.0;0.0;0.0;0.0;0.0;0.0;0.0;0.0;0.0;0.0;2.0;0.0;0.0;0.0;0.0;0.0;0.0;0.0;0.0;0.0;0.0;0.0;0.0;0.0;0.0;0.0;0.0;0.0;0.0;0.0;0.0;0.0;0.0;0.0;0.0;0.0;2.0;0.0;0.0;0.0;0.0;0.0;0.0;0.0;0.0;0.0;0.0;0.0;0.0;0.0;0.0;0.0;0.0;0.0;0.0;0.0;0.0;0.0;0.0;1.0;0.0;0.0;0.0;0.0;0.0;0.0;0.0;0.0;1.0;0.0;0.0;0.0;0.0;4.0;2.0;0.0;0.0;0.0;0.0;0.0;0.0;0.0;0.0;0.0;0.0;0.0;4.0;0.0;2.0;2.0;0.0;0.0;0.0;0.0;0.0;0.0;0.0;2.0;2.0;2.0;0.0;0.0;2.0;0.0;0.0;2.0;0.0;0.0;2.0;0.0;2.0;0.0;2.0;0.0;12.0;12.0;0.0;0.0;0.0;0.0;0.0;0.0;0.0;0.0;0.0;0.0;0.0
CHEMBL71;0.0;0.0;0.0;0.0;0.0;0.0;0.0;0.0;0.0;0.0;0.0;0.0;0.0;0.0;0.0;0.0;0.0;0.0;0.0;0.0;0.0;0.0;0.0;0.0;0.0;0.0;0.0;0.0;0.0;0.0;0.0;0.0;0.0;0.0;0.0;1.0;0.0;0.0;0.0;0.0;0.0;0.0;0.0;0.0;0.0;0.0;0.0;0.0;0.0;0.0;0.0;0.0;0.0;0.0;0.0;0.0;0.0;0.0;4.0;0.0;0.0;0.0;0.0;0.0;0.0;0.0;0.0;0.0;0.0;0.0;0.0;0.0;0.0;1.0;2.0;0.0;0.0;0.0;0.0;1.0;2.0;0.0;0.0;0.0;2.0;3.0;2.0;1.0;0.0;0.0;0.0;0.0;2.0;0.0;0.0;0.0;0.0;1.0;0.0;2.0;14.0;0.0;1.0;0.0;4.0;0.0;1.0;2.0;0.0;0.0;2.0;0.0;0.0;0.0;2.0;2.0;0.0;4.0;0.0;2.0;1.0;2.0;0.0;0.0;0.0;0.0;0.0;0.0;0.0;0.0;0.0;1.0;4.0;0.0;2.0;2.0;0.0;0.0;2.0;2.0;2.0;3.0;4.0;2.0;2.0;0.0;0.0;0.0;0.0;3.0;2.0;0.0;6.0;12.0;14.0;0.0;0.0;0.0;0.0;0.0;0.0;0.0;0.0;0.0;0.0;0.0
CHEMBL81;0.0;0.0;0.0;0.0;0.0;0.0;0.0;0.0;0.0;0.0;0.0;0.0;0.0;0.0;0.0;0.0;0.0;0.0;0.0;0.0;0.0;0.0;0.0;0.0;0.0;0.0;0.0;0.0;0.0;0.0;0.0;0.0;0.0;0.0;0.0;1.0;0.0;0.0;0.0;0.0;0.0;0.0;0.0;0.0;0.0;0.0;0.0;0.0;0.0;0.0;0.0;0.0;0.0;0.0;0.0;0.0;0.0;0.0;0.0;0.0;0.0;4.0;0.0;0.0;0.0;0.0;0.0;0.0;0.0;0.0;0.0;0.0;0.0;0.0;2.0;0.0;0.0;0.0;0.0;0.0;2.0;0.0;1.0;0.0;1.0;3.0;0.0;1.0;0.0;0.0;0.0;0.0;0.0;0.0;1.0;1.0;0.0;1.0;0.0;3.0;9.0;0.0;0.0;0.0;2.0;0.0;0.0;0.0;1.0;0.0;3.0;0.0;6.0;0.0;0.0;0.0;0.0;7.0;0.0;2.0;1.0;1.0;0.0;0.0;1.0;6.0;6.0;8.0;2.0;1.0;0.0;0.0;0.0;1.0;2.0;4.0;2.0;4.0;0.0;1.0;1.0;4.0;7.0;1.0;0.0;1.0;0.0;4.0;1.0;2.0;0.0;4.0;3.0;21.0;27.0;0.0;0.0;0.0;0.0;0.0;0.0;0.0;0.0;0.0;0.0;0.0
CHEMBL12131;0.0;0.0;0.0;0.0;0.0;0.0;0.0;0.0;0.0;0.0;0.0;0.0;0.0;0.0;0.0;0.0;0.0;0.0;0.0;0.0;0.0;0.0;0.0;0.0;0.0;0.0;2.0;0.0;0.0;0.0;0.0;0.0;0.0;0.0;0.0;0.0;0.0;0.0;0.0;0.0;1.0;0.0;0.0;0.0;0.0;0.0;0.0;0.0;0.0;0.0;0.0;0.0;1.0;0.0;0.0;0.0;0.0;0.0;0.0;0.0;0.0;0.0;0.0;0.0;0.0;0.0;0.0;0.0;0.0;0.0;0.0;0.0;0.0;0.0;0.0;0.0;0.0;0.0;0.0;0.0;0.0;0.0;0.0;0.0;0.0;0.0;8.0;0.0;1.0;0.0;0.0;1.0;0.0;0.0;0.0;0.0;1.0;0.0;0.0;0.0;0.0;0.0;2.0;0.0;0.0;0.0;4.0;0.0;0.0;1.0;0.0;0.0;2.0;0.0;0.0;0.0;1.0;0.0;0.0;0.0;0.0;0.0;0.0;0.0;0.0;2.0;0.0;0.0;2.0;0.0;2.0;4.0;2.0;1.0;0.0;0.0;1.0;2.0;1.0;2.0;4.0;3.0;0.0;0.0;1.0;4.0;1.0;1.0;1.0;0.0;2.0;1.0;2.0;18.0;18.0;0.0;0.0;0.0;0.0;0.0;0.0;0.0;0.0;0.0;0.0;0.0
CHEMBL516;0.0;0.0;0.0;0.0;0.0;0.0;0.0;0.0;0.0;0.0;0.0;0.0;0.0;0.0;0.0;0.0;0.0;0.0;1.0;0.0;0.0;0.0;0.0;0.0;0.0;0.0;0.0;0.0;0.0;0.0;0.0;0.0;0.0;0.0;0.0;0.0;0.0;0.0;0.0;0.0;0.0;0.0;0.0;0.0;0.0;0.0;0.0;0.0;0.0;2.0;0.0;0.0;0.0;0.0;0.0;0.0;0.0;0.0;0.0;0.0;0.0;4.0;0.0;0.0;0.0;0.0;0.0;0.0;0.0;0.0;0.0;0.0;0.0;0.0;2.0;2.0;0.0;0.0;0.0;0.0;0.0;0.0;0.0;0.0;1.0;3.0;0.0;0.0;0.0;0.0;0.0;0.0;1.0;0.0;0.0;0.0;0.0;1.0;2.0;2.0;15.0;0.0;0.0;0.0;4.0;0.0;0.0;0.0;0.0;0.0;2.0;0.0;0.0;0.0;2.0;1.0;0.0;2.0;0.0;1.0;1.0;1.0;0.0;0.0;0.0;0.0;2.0;6.0;0.0;0.0;0.0;0.0;0.0;0.0;1.0;2.0;0.0;0.0;1.0;1.0;2.0;3.0;2.0;1.0;1.0;0.0;0.0;0.0;0.0;0.0;0.0;0.0;3.0;12.0;21.0;0.0;0.0;0.0;0.0;0.0;0.0;0.0;0.0;0.0;0.0;0.0
CHEMBL531;0.0;0.0;0.0;0.0;0.0;0.0;0.0;0.0;0.0;0.0;0.0;0.0;0.0;0.0;0.0;0.0;0.0;0.0;0.0;0.0;0.0;0.0;0.0;0.0;0.0;0.0;0.0;0.0;0.0;0.0;0.0;0.0;0.0;0.0;0.0;0.0;0.0;0.0;0.0;0.0;0.0;0.0;0.0;0.0;0.0;0.0;0.0;0.0;0.0;0.0;0.0;0.0;0.0;0.0;0.0;0.0;0.0;0.0;0.0;0.0;0.0;0.0;0.0;0.0;2.0;0.0;0.0;0.0;0.0;0.0;0.0;0.0;0.0;0.0;2.0;0.0;0.0;0.0;0.0;0.0;0.0;0.0;1.0;0.0;1.0;2.0;0.0;1.0;0.0;1.0;1.0;0.0;1.0;0.0;0.0;1.0;0.0;1.0;0.0;2.0;16.0;0.0;0.0;0.0;6.0;0.0;0.0;3.0;0.0;0.0;2.0;0.0;0.0;1.0;2.0;0.0;0.0;2.0;0.0;2.0;2.0;1.0;0.0;0.0;0.0;0.0;6.0;4.0;1.0;0.0;0.0;0.0;0.0;0.0;2.0;3.0;0.0;0.0;2.0;2.0;0.0;3.0;2.0;1.0;2.0;0.0;1.0;0.0;0.0;3.0;2.0;0.0;3.0;9.0;16.0;0.0;0.0;0.0;0.0;0.0;0.0;0.0;0.0;0.0;0.0;0.0
CHEMBL104;0.0;0.0;0.0;0.0;0.0;0.0;0.0;0.0;0.0;0.0;0.0;0.0;0.0;0.0;0.0;0.0;0.0;0.0;0.0;0.0;0.0;0.0;0.0;0.0;0.0;0.0;0.0;0.0;0.0;0.0;0.0;0.0;0.0;0.0;0.0;0.0;0.0;0.0;0.0;0.0;0.0;0.0;0.0;0.0;0.0;0.0;0.0;0.0;0.0;0.0;0.0;0.0;0.0;0.0;0.0;0.0;0.0;0.0;0.0;0.0;0.0;0.0;0.0;0.0;4.0;1.0;0.0;0.0;0.0;0.0;0.0;0.0;0.0;0.0;2.0;0.0;1.0;0.0;1.0;0.0;0.0;0.0;1.0;0.0;1.0;0.0;2.0;0.0;0.0;0.0;0.0;0.0;0.0;0.0;0.0;1.0;0.0;0.0;0.0;0.0;0.0;0.0;1.0;0.0;0.0;0.0;1.0;0.0;0.0;0.0;0.0;1.0;0.0;0.0;0.0;0.0;0.0;0.0;0.0;2.0;2.0;1.0;0.0;0.0;0.0;0.0;0.0;0.0;0.0;0.0;0.0;1.0;0.0;0.0;2.0;0.0;0.0;0.0;0.0;2.0;1.0;3.0;0.0;1.0;0.0;1.0;0.0;0.0;0.0;0.0;3.0;0.0;1.0;23.0;23.0;0.0;0.0;0.0;0.0;0.0;0.0;0.0;0.0;0.0;0.0;0.0
CHEMBL15245;0.0;0.0;0.0;0.0;0.0;0.0;0.0;0.0;0.0;0.0;0.0;0.0;0.0;0.0;0.0;0.0;0.0;0.0;0.0;0.0;0.0;0.0;0.0;0.0;0.0;0.0;0.0;0.0;0.0;0.0;0.0;0.0;0.0;0.0;0.0;0.0;0.0;0.0;0.0;0.0;0.0;0.0;0.0;0.0;0.0;0.0;0.0;0.0;0.0;0.0;0.0;0.0;0.0;0.0;0.0;0.0;0.0;0.0;0.0;0.0;0.0;0.0;0.0;0.0;2.0;0.0;0.0;0.0;0.0;0.0;0.0;0.0;0.0;0.0;0.0;0.0;0.0;0.0;1.0;0.0;0.0;0.0;1.0;0.0;1.0;1.0;0.0;0.0;2.0;2.0;2.0;0.0;1.0;0.0;0.0;1.0;0.0;2.0;0.0;2.0;21.0;0.0;0.0;1.0;8.0;0.0;0.0;0.0;0.0;0.0;2.0;0.0;0.0;0.0;0.0;0.0;0.0;4.0;0.0;2.0;2.0;1.0;1.0;0.0;1.0;2.0;8.0;8.0;2.0;1.0;0.0;0.0;0.0;1.0;2.0;2.0;1.0;3.0;1.0;2.0;1.0;4.0;4.0;1.0;1.0;1.0;1.0;1.0;1.0;0.0;3.0;3.0;3.0;9.0;21.0;0.0;0.0;0.0;0.0;0.0;0.0;0.0;0.0;0.0;0.0;0.0
CHEMBL564;0.0;0.0;0.0;0.0;0.0;0.0;0.0;0.0;0.0;0.0;0.0;0.0;0.0;0.0;0.0;0.0;0.0;0.0;0.0;0.0;0.0;0.0;0.0;0.0;0.0;0.0;0.0;0.0;0.0;0.0;0.0;0.0;0.0;0.0;0.0;1.0;0.0;0.0;0.0;0.0;0.0;0.0;0.0;0.0;0.0;0.0;0.0;0.0;0.0;0.0;0.0;0.0;0.0;0.0;0.0;0.0;0.0;0.0;4.0;0.0;0.0;0.0;0.0;0.0;0.0;0.0;0.0;0.0;0.0;0.0;0.0;0.0;0.0;1.0;2.0;0.0;0.0;0.0;0.0;1.0;2.0;0.0;0.0;0.0;2.0;3.0;0.0;1.0;0.0;0.0;0.0;0.0;2.0;0.0;0.0;0.0;0.0;1.0;0.0;2.0;14.0;0.0;0.0;0.0;4.0;0.0;0.0;2.0;0.0;0.0;2.0;0.0;0.0;0.0;2.0;2.0;0.0;4.0;0.0;2.0;1.0;2.0;0.0;0.0;0.0;0.0;0.0;0.0;0.0;0.0;0.0;0.0;4.0;0.0;2.0;2.0;0.0;0.0;2.0;2.0;2.0;3.0;4.0;2.0;2.0;0.0;0.0;0.0;0.0;3.0;2.0;0.0;6.0;12.0;14.0;0.0;0.0;0.0;0.0;0.0;0.0;0.0;0.0;0.0;0.0;0.0
CHEMBL597;0.0;0.0;0.0;0.0;0.0;0.0;0.0;0.0;0.0;0.0;0.0;0.0;0.0;0.0;0.0;0.0;0.0;0.0;0.0;0.0;0.0;0.0;0.0;0.0;0.0;0.0;0.0;0.0;0.0;0.0;0.0;0.0;0.0;0.0;0.0;0.0;0.0;1.0;0.0;0.0;0.0;0.0;0.0;0.0;0.0;0.0;0.0;0.0;0.0;0.0;0.0;0.0;0.0;0.0;0.0;0.0;0.0;0.0;0.0;0.0;0.0;0.0;0.0;0.0;0.0;0.0;0.0;0.0;0.0;0.0;0.0;0.0;0.0;0.0;0.0;0.0;1.0;1.0;3.0;0.0;0.0;1.0;1.0;0.0;1.0;0.0;0.0;0.0;0.0;1.0;1.0;0.0;0.0;0.0;0.0;1.0;1.0;0.0;0.0;3.0;0.0;0.0;0.0;2.0;0.0;0.0;0.0;0.0;0.0;0.0;3.0;0.0;2.0;0.0;0.0;0.0;0.0;2.0;1.0;2.0;2.0;1.0;0.0;0.0;0.0;2.0;3.0;3.0;2.0;0.0;4.0;0.0;4.0;0.0;2.0;3.0;1.0;1.0;1.0;3.0;0.0;2.0;2.0;1.0;1.0;0.0;1.0;1.0;0.0;1.0;3.0;1.0;6.0;12.0;17.0;0.0;0.0;0.0;0.0;0.0;0.0;0.0;0.0;0.0;0.0;0.0
CHEMBL621;0.0;0.0;0.0;0.0;0.0;0.0;0.0;0.0;0.0;0.0;0.0;0.0;0.0;0.0;0.0;0.0;0.0;0.0;0.0;0.0;0.0;0.0;0.0;0.0;0.0;0.0;0.0;0.0;0.0;0.0;0.0;0.0;0.0;0.0;0.0;0.0;1.0;1.0;0.0;0.0;0.0;0.0;0.0;0.0;0.0;0.0;0.0;0.0;0.0;0.0;0.0;1.0;0.0;0.0;0.0;0.0;0.0;0.0;0.0;0.0;0.0;4.0;0.0;0.0;5.0;0.0;0.0;0.0;0.0;0.0;0.0;0.0;0.0;0.0;6.0;0.0;2.0;0.0;4.0;2.0;0.0;0.0;1.0;0.0;3.0;4.0;2.0;0.0;0.0;0.0;0.0;0.0;0.0;1.0;1.0;1.0;1.0;2.0;0.0;6.0;9.0;0.0;1.0;0.0;2.0;1.0;1.0;0.0;0.0;2.0;5.0;0.0;2.0;0.0;0.0;0.0;2.0;5.0;0.0;5.0;5.0;4.0;0.0;1.0;0.0;2.0;6.0;8.0;0.0;0.0;2.0;1.0;2.0;1.0;5.0;6.0;0.0;1.0;0.0;5.0;1.0;3.0;5.0;4.0;0.0;1.0;0.0;0.0;1.0;3.0;4.0;0.0;7.0;15.0;21.0;0.0;0.0;0.0;0.0;0.0;0.0;0.0;0.0;0.0;0.0;0.0
CHEMBL21731;0.0;0.0;0.0;0.0;0.0;0.0;0.0;0.0;0.0;0.0;0.0;0.0;0.0;0.0;0.0;0.0;0.0;0.0;0.0;0.0;0.0;0.0;0.0;0.0;0.0;0.0;0.0;0.0;0.0;0.0;0.0;0.0;0.0;0.0;0.0;0.0;0.0;0.0;0.0;0.0;0.0;0.0;0.0;0.0;0.0;0.0;0.0;0.0;0.0;0.0;0.0;0.0;0.0;0.0;0.0;0.0;0.0;0.0;0.0;0.0;0.0;0.0;0.0;0.0;0.0;1.0;0.0;0.0;0.0;0.0;0.0;0.0;0.0;0.0;0.0;0.0;0.0;0.0;0.0;0.0;0.0;1.0;0.0;0.0;0.0;1.0;0.0;0.0;0.0;1.0;0.0;0.0;1.0;0.0;0.0;0.0;0.0;0.0;0.0;1.0;16.0;0.0;0.0;1.0;6.0;0.0;0.0;1.0;0.0;0.0;1.0;1.0;0.0;0.0;1.0;1.0;0.0;5.0;0.0;0.0;0.0;0.0;0.0;0.0;0.0;0.0;4.0;4.0;1.0;0.0;0.0;0.0;0.0;0.0;0.0;1.0;0.0;0.0;1.0;1.0;2.0;5.0;5.0;0.0;1.0;0.0;1.0;0.0;0.0;3.0;0.0;0.0;2.0;12.0;16.0;0.0;0.0;0.0;0.0;0.0;0.0;0.0;0.0;0.0;0.0;0.0
CHEMBL633;0.0;0.0;0.0;0.0;0.0;0.0;0.0;0.0;0.0;0.0;0.0;0.0;0.0;0.0;0.0;0.0;0.0;0.0;0.0;0.0;0.0;0.0;0.0;0.0;0.0;0.0;2.0;0.0;0.0;0.0;0.0;0.0;0.0;0.0;0.0;0.0;0.0;0.0;0.0;0.0;0.0;0.0;0.0;0.0;0.0;0.0;0.0;0.0;0.0;0.0;0.0;0.0;0.0;0.0;0.0;0.0;1.0;0.0;0.0;0.0;0.0;0.0;0.0;0.0;0.0;0.0;0.0;0.0;0.0;0.0;0.0;0.0;0.0;0.0;0.0;0.0;0.0;0.0;0.0;0.0;0.0;0.0;1.0;0.0;1.0;3.0;4.0;0.0;1.0;0.0;0.0;0.0;0.0;0.0;1.0;1.0;0.0;0.0;0.0;3.0;9.0;0.0;0.0;0.0;2.0;0.0;2.0;2.0;1.0;0.0;1.0;0.0;2.0;3.0;1.0;3.0;0.0;6.0;0.0;1.0;0.0;1.0;0.0;0.0;1.0;2.0;0.0;3.0;0.0;2.0;0.0;2.0;0.0;1.0;1.0;4.0;0.0;3.0;3.0;1.0;3.0;2.0;6.0;1.0;3.0;3.0;0.0;4.0;1.0;7.0;0.0;2.0;3.0;15.0;15.0;0.0;0.0;0.0;0.0;0.0;0.0;0.0;0.0;0.0;0.0;0.0
CHEMBL716;0.0;0.0;0.0;0.0;0.0;0.0;0.0;0.0;0.0;0.0;0.0;0.0;0.0;0.0;0.0;0.0;0.0;0.0;1.0;0.0;0.0;0.0;0.0;0.0;0.0;0.0;0.0;0.0;0.0;0.0;0.0;0.0;0.0;0.0;0.0;1.0;0.0;1.0;0.0;0.0;0.0;0.0;0.0;0.0;0.0;0.0;0.0;0.0;0.0;0.0;0.0;0.0;0.0;0.0;0.0;0.0;0.0;0.0;4.0;0.0;0.0;4.0;0.0;0.0;0.0;0.0;0.0;0.0;0.0;0.0;0.0;1.0;0.0;0.0;4.0;0.0;1.0;1.0;2.0;0.0;2.0;1.0;0.0;0.0;2.0;5.0;0.0;1.0;0.0;0.0;1.0;0.0;0.0;0.0;1.0;0.0;0.0;1.0;0.0;5.0;15.0;0.0;0.0;1.0;4.0;0.0;0.0;0.0;3.0;0.0;3.0;0.0;0.0;0.0;0.0;0.0;0.0;4.0;1.0;4.0;3.0;2.0;0.0;0.0;1.0;0.0;4.0;11.0;1.0;2.0;2.0;0.0;2.0;0.0;4.0;8.0;1.0;2.0;0.0;3.0;2.0;3.0;4.0;2.0;0.0;0.0;0.0;0.0;0.0;4.0;2.0;3.0;7.0;12.0;21.0;0.0;0.0;0.0;0.0;0.0;0.0;0.0;0.0;0.0;0.0;0.0
CHEMBL726;0.0;0.0;0.0;0.0;0.0;0.0;0.0;0.0;0.0;0.0;0.0;0.0;0.0;0.0;0.0;0.0;0.0;0.0;0.0;0.0;0.0;0.0;0.0;0.0;0.0;0.0;0.0;0.0;0.0;0.0;0.0;0.0;0.0;0.0;0.0;1.0;0.0;0.0;0.0;0.0;0.0;3.0;0.0;0.0;0.0;0.0;0.0;0.0;0.0;0.0;0.0;0.0;0.0;0.0;0.0;0.0;0.0;0.0;4.0;0.0;0.0;0.0;0.0;0.0;0.0;0.0;0.0;0.0;0.0;0.0;0.0;0.0;0.0;0.0;6.0;0.0;0.0;0.0;2.0;1.0;2.0;1.0;0.0;0.0;3.0;6.0;0.0;1.0;0.0;0.0;1.0;0.0;0.0;0.0;1.0;0.0;0.0;2.0;0.0;7.0;14.0;0.0;0.0;1.0;4.0;1.0;4.0;0.0;1.0;0.0;5.0;1.0;0.0;0.0;0.0;0.0;0.0;6.0;0.0;4.0;3.0;3.0;0.0;0.0;0.0;0.0;7.0;10.0;1.0;1.0;0.0;3.0;4.0;0.0;4.0;8.0;1.0;1.0;0.0;3.0;2.0;4.0;6.0;3.0;0.0;0.0;0.0;0.0;0.0;5.0;2.0;1.0;9.0;12.0;20.0;0.0;0.0;0.0;0.0;0.0;0.0;0.0;0.0;0.0;0.0;0.0
CHEMBL723;0.0;0.0;0.0;0.0;0.0;0.0;0.0;0.0;0.0;0.0;0.0;0.0;0.0;0.0;0.0;0.0;0.0;0.0;0.0;0.0;0.0;0.0;0.0;0.0;0.0;0.0;0.0;0.0;0.0;0.0;0.0;0.0;0.0;0.0;0.0;0.0;0.0;0.0;0.0;0.0;0.0;0.0;0.0;0.0;0.0;0.0;0.0;0.0;0.0;0.0;0.0;0.0;0.0;1.0;0.0;0.0;0.0;0.0;0.0;0.0;0.0;0.0;0.0;0.0;2.0;0.0;0.0;0.0;0.0;0.0;0.0;2.0;0.0;0.0;0.0;0.0;0.0;0.0;0.0;0.0;0.0;2.0;1.0;0.0;0.0;1.0;0.0;0.0;0.0;1.0;1.0;0.0;1.0;0.0;2.0;1.0;2.0;0.0;0.0;2.0;13.0;0.0;0.0;3.0;4.0;0.0;0.0;0.0;2.0;0.0;1.0;0.0;6.0;0.0;0.0;0.0;0.0;2.0;0.0;1.0;1.0;0.0;0.0;0.0;3.0;6.0;2.0;2.0;3.0;3.0;0.0;0.0;0.0;0.0;1.0;4.0;1.0;4.0;1.0;2.0;1.0;3.0;2.0;0.0;1.0;1.0;2.0;4.0;0.0;4.0;2.0;7.0;2.0;19.0;19.0;0.0;0.0;0.0;0.0;0.0;0.0;0.0;0.0;0.0;0.0;0.0
CHEMBL715;0.0;0.0;0.0;0.0;0.0;0.0;0.0;0.0;0.0;0.0;0.0;0.0;0.0;0.0;0.0;0.0;0.0;0.0;1.0;0.0;0.0;0.0;0.0;0.0;0.0;0.0;0.0;0.0;0.0;0.0;0.0;0.0;0.0;0.0;0.0;1.0;0.0;1.0;0.0;0.0;0.0;0.0;0.0;0.0;0.0;0.0;1.0;0.0;0.0;0.0;0.0;0.0;0.0;0.0;0.0;0.0;0.0;0.0;0.0;0.0;0.0;4.0;0.0;0.0;0.0;0.0;0.0;0.0;0.0;0.0;0.0;0.0;0.0;0.0;4.0;0.0;1.0;1.0;3.0;2.0;2.0;0.0;1.0;0.0;2.0;4.0;0.0;1.0;0.0;0.0;0.0;0.0;1.0;0.0;0.0;1.0;0.0;1.0;0.0;4.0;14.0;0.0;0.0;0.0;4.0;0.0;0.0;0.0;0.0;0.0;2.0;0.0;0.0;0.0;2.0;1.0;0.0;2.0;1.0;5.0;4.0;2.0;0.0;0.0;0.0;0.0;2.0;6.0;1.0;0.0;2.0;0.0;6.0;0.0;5.0;4.0;0.0;0.0;2.0;4.0;2.0;2.0;2.0;2.0;2.0;0.0;1.0;0.0;0.0;0.0;4.0;0.0;9.0;11.0;20.0;0.0;0.0;0.0;0.0;0.0;0.0;0.0;0.0;0.0;0.0;0.0
CHEMBL728;0.0;0.0;0.0;0.0;0.0;0.0;0.0;0.0;0.0;0.0;0.0;0.0;0.0;0.0;0.0;0.0;0.0;0.0;0.0;0.0;0.0;0.0;0.0;0.0;0.0;0.0;0.0;0.0;0.0;0.0;0.0;0.0;0.0;0.0;0.0;1.0;0.0;0.0;0.0;0.0;0.0;0.0;0.0;0.0;0.0;0.0;0.0;0.0;0.0;0.0;0.0;0.0;0.0;0.0;0.0;0.0;0.0;0.0;4.0;0.0;0.0;0.0;0.0;0.0;0.0;0.0;0.0;0.0;0.0;0.0;0.0;0.0;0.0;0.0;6.0;0.0;0.0;0.0;2.0;1.0;2.0;0.0;0.0;0.0;3.0;6.0;2.0;1.0;0.0;0.0;0.0;0.0;1.0;0.0;0.0;0.0;0.0;2.0;0.0;6.0;14.0;0.0;1.0;0.0;4.0;0.0;1.0;0.0;0.0;0.0;4.0;0.0;0.0;0.0;2.0;1.0;0.0;5.0;0.0;4.0;3.0;3.0;0.0;0.0;0.0;0.0;6.0;8.0;0.0;0.0;0.0;1.0;4.0;0.0;4.0;6.0;0.0;0.0;1.0;3.0;2.0;4.0;5.0;3.0;1.0;0.0;0.0;0.0;0.0;3.0;2.0;0.0;9.0;12.0;20.0;0.0;0.0;0.0;0.0;0.0;0.0;0.0;0.0;0.0;0.0;0.0
CHEMBL30008;0.0;0.0;0.0;0.0;0.0;0.0;0.0;0.0;0.0;0.0;0.0;0.0;0.0;0.0;0.0;0.0;0.0;0.0;0.0;0.0;0.0;0.0;0.0;0.0;0.0;0.0;0.0;0.0;0.0;0.0;0.0;0.0;0.0;0.0;0.0;0.0;0.0;0.0;0.0;0.0;0.0;2.0;0.0;0.0;0.0;0.0;0.0;0.0;0.0;0.0;0.0;0.0;0.0;0.0;0.0;0.0;0.0;0.0;0.0;0.0;0.0;0.0;0.0;0.0;0.0;0.0;0.0;0.0;0.0;0.0;0.0;0.0;0.0;0.0;4.0;0.0;0.0;0.0;2.0;0.0;0.0;0.0;0.0;0.0;2.0;4.0;4.0;0.0;0.0;0.0;0.0;0.0;0.0;0.0;0.0;0.0;0.0;1.0;1.0;5.0;0.0;0.0;0.0;0.0;0.0;0.0;2.0;0.0;0.0;0.0;2.0;0.0;0.0;0.0;0.0;0.0;0.0;2.0;0.0;2.0;2.0;2.0;0.0;0.0;0.0;0.0;2.0;7.0;0.0;0.0;0.0;2.0;0.0;0.0;2.0;5.0;0.0;0.0;0.0;2.0;0.0;4.0;2.0;2.0;0.0;0.0;0.0;0.0;0.0;1.0;1.0;0.0;6.0;18.0;24.0;0.0;0.0;0.0;0.0;0.0;0.0;0.0;0.0;0.0;0.0;0.0
CHEMBL808;0.0;0.0;0.0;0.0;0.0;0.0;0.0;0.0;0.0;0.0;0.0;0.0;0.0;0.0;0.0;0.0;0.0;0.0;0.0;0.0;0.0;0.0;0.0;0.0;0.0;0.0;0.0;0.0;0.0;0.0;0.0;0.0;0.0;0.0;0.0;0.0;0.0;0.0;0.0;0.0;0.0;0.0;0.0;0.0;0.0;0.0;0.0;0.0;0.0;0.0;0.0;0.0;0.0;0.0;0.0;0.0;0.0;0.0;0.0;0.0;0.0;0.0;0.0;0.0;4.0;0.0;0.0;0.0;0.0;0.0;0.0;0.0;0.0;0.0;2.0;0.0;1.0;0.0;1.0;0.0;0.0;0.0;1.0;0.0;1.0;0.0;6.0;0.0;0.0;0.0;0.0;0.0;0.0;0.0;1.0;1.0;0.0;0.0;0.0;1.0;0.0;0.0;3.0;0.0;0.0;0.0;3.0;0.0;1.0;0.0;0.0;0.0;0.0;0.0;0.0;0.0;0.0;0.0;0.0;2.0;2.0;1.0;0.0;0.0;1.0;0.0;0.0;2.0;0.0;1.0;0.0;3.0;0.0;0.0;2.0;2.0;0.0;1.0;0.0;2.0;1.0;2.0;0.0;1.0;0.0;1.0;0.0;1.0;0.0;2.0;0.0;2.0;1.0;17.0;17.0;0.0;0.0;0.0;0.0;0.0;0.0;0.0;0.0;0.0;0.0;0.0
CHEMBL833;0.0;0.0;0.0;0.0;0.0;0.0;0.0;0.0;0.0;0.0;0.0;0.0;0.0;0.0;0.0;0.0;0.0;0.0;0.0;0.0;0.0;0.0;0.0;0.0;0.0;0.0;0.0;0.0;0.0;0.0;0.0;0.0;0.0;0.0;0.0;1.0;0.0;0.0;0.0;0.0;0.0;0.0;0.0;0.0;0.0;0.0;0.0;0.0;0.0;0.0;0.0;0.0;0.0;0.0;0.0;0.0;0.0;0.0;0.0;0.0;0.0;0.0;0.0;0.0;0.0;0.0;0.0;0.0;0.0;0.0;0.0;0.0;0.0;0.0;2.0;0.0;0.0;0.0;0.0;0.0;1.0;0.0;1.0;0.0;1.0;3.0;2.0;1.0;0.0;0.0;0.0;0.0;0.0;0.0;0.0;1.0;0.0;1.0;0.0;3.0;9.0;0.0;1.0;0.0;2.0;0.0;1.0;0.0;0.0;0.0;1.0;0.0;0.0;0.0;0.0;0.0;0.0;2.0;0.0;2.0;1.0;1.0;0.0;0.0;0.0;0.0;1.0;5.0;0.0;0.0;0.0;1.0;0.0;0.0;2.0;3.0;0.0;0.0;0.0;1.0;2.0;2.0;2.0;1.0;0.0;1.0;0.0;0.0;0.0;1.0;0.0;0.0;3.0;11.0;15.0;0.0;0.0;0.0;0.0;0.0;0.0;0.0;0.0;0.0;0.0;0.0
CHEMBL844;0.0;0.0;0.0;0.0;0.0;0.0;0.0;0.0;0.0;0.0;0.0;0.0;0.0;0.0;0.0;0.0;0.0;0.0;0.0;0.0;0.0;0.0;0.0;0.0;1.0;0.0;0.0;0.0;0.0;0.0;0.0;0.0;0.0;0.0;0.0;0.0;0.0;0.0;0.0;0.0;0.0;0.0;1.0;0.0;0.0;1.0;0.0;0.0;0.0;0.0;0.0;0.0;0.0;0.0;0.0;0.0;0.0;0.0;0.0;0.0;0.0;0.0;0.0;0.0;4.0;0.0;0.0;0.0;0.0;0.0;0.0;0.0;0.0;0.0;0.0;0.0;3.0;1.0;3.0;1.0;0.0;1.0;1.0;0.0;0.0;0.0;2.0;0.0;0.0;2.0;2.0;0.0;0.0;0.0;0.0;1.0;0.0;1.0;0.0;2.0;10.0;0.0;0.0;1.0;2.0;1.0;1.0;0.0;0.0;0.0;1.0;0.0;0.0;0.0;0.0;0.0;0.0;2.0;1.0;4.0;4.0;0.0;0.0;0.0;0.0;0.0;0.0;0.0;2.0;0.0;4.0;1.0;2.0;0.0;4.0;2.0;0.0;0.0;0.0;5.0;1.0;2.0;2.0;0.0;0.0;1.0;2.0;0.0;0.0;0.0;4.0;0.0;5.0;10.0;15.0;0.0;0.0;0.0;0.0;0.0;0.0;0.0;0.0;0.0;0.0;0.0
CHEMBL43064;0.0;0.0;0.0;0.0;0.0;0.0;0.0;0.0;0.0;0.0;0.0;0.0;0.0;0.0;0.0;0.0;0.0;0.0;0.0;0.0;0.0;0.0;0.0;0.0;0.0;0.0;0.0;0.0;0.0;0.0;0.0;0.0;0.0;0.0;0.0;0.0;0.0;0.0;0.0;0.0;0.0;0.0;0.0;0.0;0.0;0.0;0.0;0.0;0.0;0.0;0.0;0.0;0.0;0.0;0.0;0.0;0.0;0.0;0.0;0.0;0.0;0.0;0.0;0.0;0.0;0.0;0.0;0.0;0.0;0.0;0.0;0.0;0.0;0.0;4.0;0.0;0.0;0.0;2.0;0.0;0.0;0.0;0.0;0.0;2.0;4.0;0.0;0.0;0.0;0.0;0.0;0.0;0.0;0.0;0.0;0.0;0.0;1.0;1.0;5.0;0.0;0.0;0.0;0.0;0.0;0.0;0.0;0.0;0.0;0.0;2.0;0.0;0.0;0.0;0.0;0.0;0.0;2.0;0.0;2.0;2.0;2.0;0.0;0.0;0.0;0.0;2.0;7.0;0.0;0.0;0.0;0.0;0.0;0.0;2.0;5.0;0.0;0.0;0.0;2.0;0.0;4.0;2.0;2.0;0.0;0.0;0.0;0.0;0.0;1.0;1.0;0.0;6.0;18.0;24.0;0.0;0.0;0.0;0.0;0.0;0.0;0.0;0.0;0.0;0.0;0.0
CHEMBL926;0.0;0.0;0.0;0.0;0.0;0.0;0.0;0.0;0.0;0.0;0.0;0.0;0.0;0.0;0.0;0.0;0.0;0.0;0.0;0.0;0.0;0.0;0.0;0.0;0.0;0.0;0.0;0.0;0.0;0.0;0.0;0.0;0.0;0.0;0.0;0.0;0.0;0.0;0.0;0.0;0.0;0.0;0.0;0.0;0.0;0.0;0.0;0.0;0.0;0.0;0.0;0.0;0.0;1.0;0.0;0.0;0.0;0.0;0.0;0.0;0.0;0.0;0.0;0.0;0.0;0.0;0.0;0.0;0.0;0.0;0.0;1.0;0.0;0.0;0.0;0.0;0.0;0.0;0.0;0.0;0.0;1.0;0.0;0.0;0.0;0.0;0.0;0.0;0.0;1.0;1.0;0.0;0.0;0.0;0.0;0.0;0.0;0.0;0.0;1.0;0.0;0.0;0.0;2.0;0.0;0.0;0.0;1.0;0.0;0.0;2.0;0.0;6.0;0.0;1.0;1.0;0.0;4.0;0.0;0.0;0.0;0.0;0.0;0.0;0.0;6.0;4.0;2.0;4.0;0.0;0.0;0.0;0.0;0.0;0.0;1.0;3.0;3.0;1.0;1.0;1.0;2.0;4.0;0.0;1.0;1.0;1.0;3.0;0.0;4.0;1.0;3.0;2.0;12.0;12.0;0.0;0.0;0.0;0.0;0.0;0.0;0.0;0.0;0.0;0.0;0.0
CHEMBL60889;0.0;0.0;0.0;0.0;0.0;0.0;0.0;0.0;0.0;0.0;0.0;0.0;0.0;0.0;0.0;0.0;0.0;0.0;0.0;0.0;0.0;0.0;0.0;0.0;0.0;0.0;0.0;0.0;0.0;0.0;0.0;0.0;0.0;0.0;0.0;0.0;0.0;0.0;0.0;0.0;0.0;1.0;0.0;0.0;0.0;0.0;0.0;0.0;0.0;0.0;0.0;0.0;0.0;0.0;0.0;0.0;1.0;0.0;0.0;0.0;0.0;0.0;0.0;0.0;0.0;0.0;0.0;0.0;0.0;0.0;0.0;0.0;0.0;0.0;2.0;0.0;0.0;0.0;0.0;1.0;0.0;1.0;0.0;1.0;1.0;3.0;4.0;0.0;1.0;1.0;1.0;1.0;0.0;0.0;3.0;0.0;2.0;1.0;0.0;4.0;0.0;0.0;1.0;0.0;0.0;0.0;2.0;0.0;2.0;1.0;1.0;0.0;2.0;1.0;0.0;0.0;1.0;2.0;0.0;2.0;1.0;1.0;0.0;0.0;1.0;2.0;4.0;6.0;2.0;3.0;2.0;2.0;2.0;1.0;2.0;6.0;0.0;3.0;1.0;3.0;2.0;3.0;2.0;1.0;1.0;2.0;2.0;2.0;1.0;3.0;2.0;4.0;6.0;12.0;18.0;0.0;0.0;0.0;0.0;0.0;0.0;0.0;0.0;0.0;0.0;0.0
CHEMBL1016;0.0;0.0;0.0;0.0;0.0;0.0;0.0;0.0;0.0;0.0;0.0;0.0;0.0;0.0;0.0;0.0;0.0;0.0;0.0;0.0;0.0;0.0;0.0;0.0;0.0;0.0;0.0;0.0;0.0;0.0;0.0;0.0;0.0;0.0;0.0;0.0;1.0;1.0;0.0;0.0;0.0;0.0;0.0;0.0;0.0;0.0;0.0;0.0;0.0;0.0;0.0;3.0;0.0;0.0;0.0;0.0;0.0;0.0;0.0;0.0;0.0;8.0;0.0;0.0;6.0;0.0;0.0;0.0;2.0;2.0;0.0;0.0;0.0;0.0;2.0;0.0;4.0;0.0;4.0;1.0;0.0;0.0;2.0;0.0;1.0;0.0;0.0;0.0;0.0;0.0;0.0;0.0;0.0;3.0;0.0;2.0;2.0;0.0;0.0;1.0;9.0;0.0;0.0;0.0;2.0;1.0;0.0;0.0;1.0;2.0;0.0;0.0;2.0;1.0;0.0;0.0;2.0;0.0;0.0;6.0;6.0;1.0;1.0;3.0;1.0;2.0;2.0;0.0;2.0;0.0;0.0;0.0;0.0;1.0;6.0;2.0;1.0;3.0;1.0;6.0;2.0;3.0;0.0;1.0;1.0;2.0;1.0;0.0;1.0;2.0;4.0;3.0;1.0;26.0;26.0;0.0;0.0;0.0;0.0;0.0;0.0;0.0;0.0;0.0;0.0;0.0
CHEMBL1065;0.0;0.0;0.0;0.0;0.0;0.0;0.0;0.0;0.0;0.0;0.0;0.0;0.0;0.0;0.0;0.0;0.0;0.0;0.0;0.0;0.0;0.0;0.0;0.0;0.0;1.0;0.0;0.0;0.0;0.0;0.0;0.0;0.0;0.0;0.0;0.0;0.0;0.0;0.0;0.0;0.0;0.0;0.0;0.0;0.0;0.0;0.0;0.0;0.0;1.0;0.0;0.0;0.0;1.0;0.0;0.0;0.0;0.0;0.0;0.0;0.0;0.0;0.0;0.0;2.0;0.0;0.0;0.0;0.0;0.0;0.0;0.0;0.0;0.0;4.0;1.0;0.0;0.0;0.0;1.0;0.0;1.0;1.0;0.0;2.0;1.0;0.0;0.0;0.0;2.0;0.0;1.0;2.0;0.0;1.0;1.0;1.0;1.0;1.0;1.0;16.0;0.0;0.0;2.0;6.0;0.0;0.0;1.0;1.0;1.0;3.0;0.0;0.0;1.0;1.0;2.0;1.0;0.0;0.0;2.0;2.0;2.0;0.0;0.0;0.0;0.0;0.0;2.0;2.0;0.0;0.0;0.0;0.0;1.0;2.0;2.0;1.0;2.0;3.0;3.0;0.0;3.0;0.0;2.0;3.0;0.0;1.0;0.0;1.0;2.0;4.0;1.0;6.0;9.0;16.0;0.0;0.0;0.0;0.0;0.0;0.0;0.0;0.0;0.0;0.0;0.0
CHEMBL1108;0.0;0.0;0.0;0.0;0.0;0.0;0.0;0.0;0.0;0.0;0.0;0.0;0.0;0.0;0.0;0.0;0.0;0.0;0.0;0.0;0.0;0.0;0.0;0.0;0.0;0.0;0.0;0.0;0.0;0.0;0.0;0.0;0.0;0.0;0.0;0.0;1.0;0.0;0.0;0.0;0.0;1.0;0.0;0.0;1.0;0.0;0.0;0.0;0.0;0.0;0.0;0.0;0.0;0.0;0.0;0.0;0.0;0.0;0.0;0.0;0.0;4.0;0.0;0.0;4.0;0.0;0.0;0.0;0.0;0.0;0.0;0.0;0.0;0.0;4.0;1.0;1.0;0.0;1.0;2.0;0.0;0.0;1.0;0.0;2.0;3.0;2.0;0.0;0.0;0.0;1.0;0.0;0.0;0.0;0.0;1.0;0.0;1.0;1.0;3.0;9.0;0.0;0.0;0.0;2.0;1.0;1.0;0.0;0.0;2.0;3.0;0.0;2.0;0.0;0.0;0.0;2.0;5.0;0.0;3.0;3.0;2.0;0.0;0.0;0.0;2.0;6.0;7.0;1.0;1.0;2.0;1.0;0.0;1.0;3.0;3.0;1.0;2.0;0.0;3.0;1.0;3.0;5.0;2.0;0.0;1.0;0.0;1.0;1.0;3.0;4.0;1.0;4.0;15.0;21.0;0.0;0.0;0.0;0.0;0.0;0.0;0.0;0.0;0.0;0.0;0.0
CHEMBL119385;0.0;0.0;0.0;0.0;0.0;0.0;0.0;0.0;0.0;0.0;0.0;0.0;0.0;0.0;0.0;0.0;0.0;0.0;0.0;0.0;0.0;0.0;0.0;0.0;0.0;0.0;0.0;0.0;0.0;0.0;0.0;0.0;0.0;0.0;0.0;0.0;0.0;0.0;0.0;0.0;0.0;2.0;0.0;0.0;0.0;0.0;1.0;0.0;0.0;0.0;0.0;1.0;0.0;0.0;0.0;0.0;0.0;0.0;4.0;0.0;0.0;4.0;0.0;4.0;5.0;0.0;0.0;0.0;0.0;0.0;0.0;0.0;0.0;0.0;0.0;0.0;1.0;0.0;1.0;1.0;2.0;0.0;0.0;0.0;0.0;0.0;8.0;1.0;0.0;0.0;0.0;1.0;0.0;1.0;0.0;0.0;2.0;2.0;0.0;0.0;10.0;0.0;2.0;0.0;2.0;0.0;4.0;0.0;0.0;1.0;0.0;0.0;2.0;0.0;0.0;0.0;1.0;0.0;0.0;3.0;3.0;1.0;0.0;1.0;0.0;2.0;0.0;0.0;0.0;0.0;0.0;4.0;0.0;1.0;3.0;0.0;0.0;1.0;0.0;3.0;4.0;4.0;0.0;1.0;0.0;4.0;0.0;0.0;1.0;0.0;4.0;0.0;0.0;22.0;22.0;0.0;0.0;0.0;0.0;0.0;0.0;0.0;0.0;0.0;0.0;0.0
CHEMBL119443;0.0;0.0;0.0;0.0;0.0;0.0;0.0;0.0;0.0;0.0;0.0;0.0;0.0;0.0;0.0;0.0;0.0;0.0;0.0;0.0;0.0;0.0;0.0;0.0;0.0;1.0;0.0;0.0;0.0;0.0;0.0;0.0;0.0;0.0;0.0;0.0;0.0;0.0;0.0;0.0;0.0;0.0;0.0;0.0;0.0;0.0;0.0;0.0;0.0;1.0;0.0;0.0;0.0;1.0;0.0;0.0;0.0;0.0;0.0;0.0;0.0;0.0;0.0;0.0;2.0;0.0;0.0;0.0;0.0;0.0;0.0;0.0;0.0;0.0;2.0;1.0;0.0;0.0;0.0;1.0;0.0;1.0;1.0;0.0;1.0;1.0;0.0;0.0;0.0;2.0;1.0;1.0;1.0;0.0;1.0;1.0;1.0;1.0;1.0;1.0;16.0;0.0;0.0;1.0;6.0;0.0;0.0;0.0;1.0;1.0;2.0;0.0;0.0;0.0;2.0;1.0;1.0;0.0;0.0;2.0;2.0;1.0;0.0;0.0;0.0;0.0;0.0;2.0;3.0;0.0;0.0;0.0;0.0;1.0;2.0;2.0;1.0;2.0;2.0;3.0;0.0;3.0;0.0;1.0;2.0;0.0;2.0;0.0;1.0;1.0;4.0;1.0;5.0;9.0;16.0;0.0;0.0;0.0;0.0;0.0;0.0;0.0;0.0;0.0;0.0;0.0
CHEMBL1219;0.0;0.0;0.0;0.0;0.0;0.0;0.0;0.0;0.0;0.0;0.0;0.0;0.0;0.0;0.0;0.0;0.0;0.0;0.0;0.0;0.0;0.0;0.0;0.0;0.0;0.0;0.0;0.0;0.0;0.0;0.0;0.0;0.0;0.0;0.0;0.0;0.0;0.0;0.0;1.0;0.0;0.0;0.0;0.0;0.0;0.0;2.0;0.0;2.0;0.0;2.0;0.0;0.0;0.0;0.0;0.0;0.0;0.0;2.0;0.0;1.0;0.0;0.0;2.0;6.0;0.0;1.0;0.0;0.0;0.0;0.0;0.0;0.0;0.0;0.0;0.0;1.0;0.0;1.0;0.0;1.0;0.0;1.0;0.0;0.0;1.0;0.0;1.0;1.0;1.0;0.0;0.0;1.0;0.0;2.0;1.0;3.0;1.0;0.0;0.0;9.0;1.0;0.0;0.0;2.0;1.0;0.0;2.0;2.0;0.0;1.0;0.0;2.0;0.0;1.0;2.0;0.0;4.0;0.0;3.0;3.0;0.0;0.0;1.0;2.0;2.0;0.0;0.0;1.0;3.0;0.0;0.0;0.0;0.0;3.0;3.0;0.0;3.0;2.0;3.0;2.0;2.0;4.0;1.0;2.0;2.0;1.0;1.0;0.0;4.0;4.0;4.0;0.0;15.0;15.0;0.0;0.0;0.0;0.0;0.0;0.0;0.0;0.0;0.0;0.0;0.0
CHEMBL1221;0.0;0.0;0.0;0.0;0.0;0.0;0.0;0.0;0.0;0.0;0.0;0.0;0.0;0.0;0.0;0.0;0.0;0.0;0.0;0.0;0.0;0.0;0.0;0.0;0.0;0.0;0.0;0.0;0.0;0.0;0.0;0.0;0.0;0.0;0.0;0.0;0.0;0.0;0.0;0.0;0.0;0.0;0.0;0.0;0.0;0.0;0.0;0.0;0.0;0.0;0.0;0.0;0.0;0.0;0.0;0.0;0.0;0.0;0.0;0.0;0.0;0.0;0.0;0.0;4.0;0.0;0.0;0.0;0.0;0.0;0.0;0.0;0.0;0.0;2.0;0.0;1.0;0.0;1.0;0.0;1.0;0.0;1.0;0.0;1.0;0.0;6.0;1.0;0.0;0.0;0.0;0.0;0.0;0.0;0.0;1.0;0.0;0.0;0.0;1.0;0.0;0.0;3.0;0.0;0.0;0.0;3.0;0.0;0.0;0.0;0.0;0.0;0.0;0.0;0.0;0.0;0.0;0.0;0.0;2.0;2.0;1.0;0.0;0.0;0.0;0.0;0.0;2.0;0.0;0.0;0.0;3.0;0.0;0.0;2.0;2.0;0.0;0.0;0.0;2.0;1.0;2.0;0.0;1.0;0.0;1.0;0.0;0.0;0.0;2.0;0.0;0.0;1.0;17.0;17.0;0.0;0.0;0.0;0.0;0.0;0.0;0.0;0.0;0.0;0.0;0.0
CHEMBL1262;0.0;0.0;0.0;0.0;0.0;0.0;0.0;0.0;0.0;0.0;0.0;0.0;0.0;0.0;0.0;0.0;0.0;0.0;0.0;0.0;0.0;0.0;0.0;1.0;0.0;0.0;0.0;0.0;0.0;0.0;0.0;0.0;0.0;0.0;0.0;0.0;0.0;0.0;0.0;0.0;0.0;0.0;0.0;0.0;0.0;0.0;0.0;0.0;0.0;0.0;0.0;0.0;0.0;0.0;0.0;0.0;0.0;0.0;0.0;0.0;0.0;0.0;0.0;0.0;4.0;0.0;0.0;0.0;0.0;0.0;1.0;0.0;0.0;0.0;2.0;0.0;1.0;1.0;2.0;0.0;0.0;0.0;1.0;0.0;1.0;0.0;8.0;0.0;0.0;0.0;0.0;0.0;0.0;1.0;0.0;1.0;1.0;0.0;0.0;1.0;0.0;1.0;4.0;0.0;0.0;0.0;4.0;0.0;1.0;0.0;2.0;0.0;0.0;0.0;0.0;0.0;0.0;0.0;1.0;2.0;2.0;1.0;0.0;1.0;1.0;0.0;2.0;0.0;0.0;0.0;0.0;4.0;0.0;0.0;2.0;2.0;0.0;1.0;0.0;3.0;2.0;2.0;0.0;1.0;0.0;2.0;0.0;0.0;0.0;2.0;1.0;1.0;1.0;17.0;17.0;0.0;0.0;0.0;0.0;0.0;0.0;0.0;0.0;0.0;0.0;0.0
CHEMBL1289;0.0;0.0;0.0;0.0;0.0;0.0;0.0;0.0;0.0;0.0;0.0;0.0;0.0;0.0;0.0;0.0;1.0;0.0;0.0;0.0;0.0;0.0;0.0;0.0;0.0;0.0;1.0;0.0;0.0;0.0;0.0;0.0;0.0;0.0;0.0;0.0;0.0;0.0;0.0;0.0;0.0;0.0;0.0;0.0;0.0;0.0;0.0;0.0;0.0;0.0;0.0;0.0;0.0;0.0;0.0;0.0;0.0;0.0;0.0;0.0;0.0;0.0;0.0;0.0;0.0;0.0;0.0;0.0;0.0;0.0;0.0;0.0;0.0;0.0;0.0;0.0;0.0;0.0;0.0;0.0;0.0;0.0;0.0;0.0;0.0;0.0;6.0;0.0;0.0;0.0;0.0;0.0;0.0;0.0;0.0;0.0;0.0;0.0;0.0;0.0;0.0;0.0;3.0;0.0;0.0;0.0;3.0;0.0;1.0;0.0;0.0;0.0;2.0;0.0;0.0;0.0;0.0;0.0;0.0;0.0;0.0;0.0;0.0;0.0;1.0;2.0;0.0;0.0;0.0;0.0;0.0;4.0;0.0;0.0;0.0;1.0;0.0;1.0;0.0;0.0;2.0;1.0;0.0;0.0;0.0;2.0;0.0;1.0;0.0;1.0;0.0;2.0;0.0;6.0;6.0;0.0;0.0;0.0;0.0;0.0;0.0;0.0;0.0;0.0;0.0;0.0
CHEMBL1306;0.0;0.0;0.0;0.0;0.0;0.0;0.0;0.0;0.0;0.0;0.0;0.0;0.0;0.0;0.0;0.0;0.0;0.0;0.0;0.0;0.0;0.0;0.0;0.0;0.0;0.0;0.0;0.0;0.0;0.0;0.0;0.0;0.0;0.0;0.0;0.0;0.0;0.0;0.0;0.0;0.0;0.0;0.0;0.0;0.0;0.0;0.0;0.0;0.0;0.0;0.0;1.0;0.0;0.0;0.0;0.0;2.0;0.0;0.0;0.0;0.0;8.0;0.0;0.0;4.0;0.0;0.0;0.0;0.0;0.0;0.0;2.0;0.0;1.0;6.0;0.0;2.0;0.0;4.0;1.0;0.0;0.0;2.0;0.0;2.0;2.0;4.0;0.0;1.0;0.0;0.0;0.0;0.0;1.0;2.0;2.0;2.0;1.0;0.0;5.0;0.0;0.0;2.0;0.0;0.0;0.0;2.0;4.0;2.0;0.0;3.0;1.0;2.0;0.0;0.0;2.0;0.0;2.0;0.0;7.0;5.0;3.0;1.0;1.0;1.0;2.0;5.0;8.0;0.0;4.0;2.0;2.0;2.0;0.0;7.0;7.0;0.0;3.0;2.0;5.0;1.0;3.0;2.0;3.0;2.0;1.0;0.0;4.0;0.0;2.0;3.0;6.0;7.0;17.0;28.0;0.0;0.0;0.0;0.0;0.0;0.0;0.0;0.0;0.0;0.0;0.0
CHEMBL157138;0.0;0.0;0.0;0.0;0.0;0.0;0.0;0.0;0.0;0.0;0.0;0.0;0.0;0.0;0.0;0.0;0.0;0.0;0.0;0.0;0.0;0.0;0.0;0.0;0.0;1.0;0.0;0.0;0.0;0.0;0.0;0.0;0.0;0.0;0.0;0.0;1.0;0.0;0.0;0.0;0.0;0.0;0.0;0.0;0.0;0.0;0.0;0.0;0.0;1.0;0.0;0.0;0.0;0.0;0.0;0.0;0.0;0.0;0.0;0.0;0.0;0.0;0.0;0.0;2.0;0.0;0.0;0.0;0.0;0.0;0.0;0.0;0.0;0.0;2.0;1.0;1.0;0.0;1.0;0.0;0.0;0.0;1.0;0.0;2.0;2.0;0.0;0.0;0.0;2.0;1.0;0.0;1.0;0.0;0.0;1.0;0.0;1.0;1.0;3.0;16.0;0.0;0.0;1.0;6.0;1.0;0.0;0.0;0.0;2.0;2.0;0.0;0.0;2.0;1.0;3.0;2.0;0.0;0.0;2.0;2.0;2.0;0.0;0.0;0.0;0.0;0.0;2.0;2.0;0.0;2.0;0.0;0.0;1.0;2.0;3.0;0.0;1.0;3.0;4.0;0.0;3.0;0.0;2.0;3.0;0.0;2.0;0.0;1.0;2.0;4.0;0.0;8.0;9.0;16.0;0.0;0.0;0.0;0.0;0.0;0.0;0.0;0.0;0.0;0.0;0.0
CHEMBL162370;0.0;0.0;0.0;0.0;0.0;0.0;0.0;0.0;0.0;0.0;0.0;0.0;0.0;0.0;0.0;0.0;0.0;0.0;0.0;0.0;0.0;0.0;0.0;0.0;0.0;0.0;0.0;0.0;0.0;0.0;0.0;0.0;0.0;0.0;0.0;0.0;0.0;1.0;0.0;0.0;0.0;0.0;0.0;0.0;0.0;0.0;0.0;0.0;0.0;0.0;0.0;0.0;0.0;0.0;0.0;0.0;1.0;0.0;0.0;0.0;0.0;0.0;0.0;0.0;5.0;0.0;0.0;0.0;0.0;0.0;0.0;0.0;0.0;0.0;2.0;0.0;1.0;0.0;0.0;1.0;0.0;0.0;1.0;0.0;2.0;3.0;0.0;0.0;0.0;0.0;0.0;1.0;0.0;0.0;0.0;1.0;4.0;3.0;0.0;3.0;23.0;0.0;0.0;0.0;6.0;0.0;0.0;1.0;0.0;1.0;2.0;0.0;2.0;0.0;0.0;1.0;1.0;3.0;0.0;4.0;3.0;2.0;0.0;0.0;0.0;2.0;3.0;7.0;0.0;1.0;0.0;0.0;0.0;1.0;4.0;3.0;0.0;2.0;2.0;3.0;3.0;4.0;3.0;2.0;2.0;2.0;0.0;2.0;1.0;2.0;3.0;0.0;3.0;19.0;23.0;0.0;0.0;0.0;0.0;0.0;0.0;0.0;0.0;0.0;0.0;0.0
CHEMBL162058;0.0;0.0;0.0;0.0;0.0;0.0;0.0;0.0;0.0;0.0;0.0;0.0;0.0;0.0;0.0;0.0;0.0;0.0;0.0;0.0;0.0;0.0;0.0;0.0;0.0;0.0;0.0;0.0;0.0;0.0;0.0;0.0;0.0;0.0;0.0;0.0;0.0;1.0;0.0;0.0;0.0;0.0;0.0;0.0;0.0;0.0;0.0;0.0;0.0;0.0;0.0;0.0;0.0;0.0;0.0;0.0;1.0;0.0;0.0;0.0;0.0;0.0;0.0;0.0;5.0;0.0;0.0;0.0;0.0;0.0;0.0;1.0;0.0;0.0;2.0;0.0;1.0;0.0;0.0;1.0;0.0;0.0;1.0;0.0;2.0;3.0;0.0;0.0;0.0;0.0;0.0;1.0;2.0;0.0;1.0;1.0;7.0;3.0;0.0;3.0;23.0;0.0;0.0;0.0;6.0;0.0;0.0;1.0;0.0;1.0;2.0;0.0;6.0;0.0;0.0;1.0;1.0;3.0;0.0;4.0;3.0;2.0;0.0;0.0;2.0;6.0;3.0;7.0;0.0;1.0;0.0;0.0;0.0;1.0;4.0;3.0;0.0;4.0;3.0;3.0;4.0;4.0;3.0;2.0;3.0;3.0;0.0;4.0;1.0;2.0;3.0;4.0;3.0;19.0;23.0;0.0;0.0;0.0;0.0;0.0;0.0;0.0;0.0;0.0;0.0;0.0
CHEMBL162490;0.0;0.0;0.0;0.0;0.0;0.0;0.0;0.0;0.0;0.0;0.0;0.0;0.0;0.0;0.0;0.0;0.0;0.0;0.0;0.0;0.0;0.0;0.0;0.0;0.0;0.0;0.0;0.0;0.0;0.0;0.0;0.0;0.0;0.0;0.0;0.0;0.0;1.0;0.0;0.0;0.0;0.0;0.0;0.0;0.0;0.0;0.0;0.0;0.0;0.0;0.0;0.0;0.0;0.0;0.0;0.0;1.0;0.0;0.0;0.0;0.0;0.0;0.0;0.0;5.0;0.0;0.0;0.0;0.0;0.0;0.0;0.0;0.0;0.0;2.0;0.0;1.0;0.0;0.0;1.0;0.0;0.0;1.0;0.0;2.0;3.0;0.0;0.0;0.0;0.0;0.0;1.0;1.0;0.0;2.0;1.0;4.0;3.0;0.0;3.0;23.0;0.0;0.0;0.0;6.0;0.0;0.0;1.0;0.0;1.0;2.0;0.0;4.0;0.0;0.0;1.0;1.0;3.0;0.0;4.0;3.0;2.0;0.0;0.0;1.0;4.0;3.0;7.0;0.0;1.0;0.0;0.0;0.0;1.0;4.0;3.0;0.0;3.0;2.0;3.0;3.0;4.0;3.0;2.0;2.0;2.0;0.0;3.0;1.0;2.0;3.0;2.0;3.0;19.0;23.0;0.0;0.0;0.0;0.0;0.0;0.0;0.0;0.0;0.0;0.0;0.0
CHEMBL162147;0.0;0.0;0.0;0.0;0.0;0.0;0.0;0.0;0.0;0.0;0.0;0.0;0.0;0.0;0.0;0.0;0.0;0.0;0.0;0.0;0.0;0.0;0.0;0.0;0.0;0.0;0.0;0.0;0.0;0.0;0.0;0.0;0.0;0.0;0.0;0.0;0.0;1.0;0.0;0.0;0.0;3.0;0.0;0.0;0.0;0.0;0.0;0.0;0.0;0.0;0.0;0.0;0.0;0.0;0.0;0.0;1.0;0.0;0.0;0.0;0.0;0.0;0.0;0.0;5.0;0.0;0.0;0.0;0.0;0.0;0.0;0.0;0.0;0.0;2.0;0.0;1.0;0.0;0.0;1.0;0.0;0.0;1.0;0.0;2.0;3.0;2.0;0.0;0.0;0.0;0.0;1.0;0.0;0.0;0.0;1.0;4.0;3.0;0.0;3.0;23.0;0.0;1.0;0.0;6.0;1.0;5.0;1.0;0.0;1.0;2.0;1.0;2.0;0.0;0.0;1.0;1.0;3.0;0.0;4.0;3.0;2.0;0.0;0.0;0.0;2.0;3.0;7.0;0.0;1.0;0.0;4.0;0.0;1.0;4.0;3.0;0.0;2.0;1.0;3.0;3.0;4.0;3.0;2.0;1.0;2.0;0.0;2.0;1.0;2.0;3.0;0.0;3.0;19.0;23.0;0.0;0.0;0.0;0.0;0.0;0.0;0.0;0.0;0.0;0.0;0.0
CHEMBL162232;0.0;0.0;0.0;0.0;0.0;0.0;0.0;0.0;0.0;0.0;0.0;0.0;0.0;0.0;0.0;0.0;0.0;0.0;0.0;0.0;0.0;0.0;0.0;0.0;0.0;0.0;0.0;0.0;0.0;0.0;0.0;0.0;0.0;0.0;0.0;0.0;0.0;1.0;0.0;0.0;0.0;0.0;0.0;0.0;0.0;0.0;0.0;0.0;0.0;0.0;0.0;0.0;0.0;0.0;0.0;0.0;1.0;0.0;0.0;0.0;0.0;0.0;0.0;0.0;5.0;0.0;0.0;0.0;0.0;0.0;0.0;0.0;0.0;0.0;2.0;0.0;1.0;0.0;0.0;1.0;0.0;0.0;1.0;0.0;2.0;3.0;0.0;0.0;0.0;0.0;0.0;1.0;0.0;0.0;0.0;1.0;4.0;3.0;0.0;3.0;23.0;0.0;0.0;0.0;6.0;0.0;0.0;1.0;0.0;1.0;2.0;0.0;2.0;0.0;0.0;1.0;1.0;3.0;0.0;4.0;3.0;2.0;0.0;0.0;0.0;2.0;3.0;7.0;0.0;1.0;0.0;0.0;0.0;1.0;4.0;3.0;0.0;2.0;3.0;3.0;3.0;4.0;3.0;2.0;3.0;2.0;0.0;2.0;1.0;2.0;4.0;0.0;3.0;19.0;23.0;0.0;0.0;0.0;0.0;0.0;0.0;0.0;0.0;0.0;0.0;0.0
CHEMBL162501;0.0;0.0;0.0;0.0;0.0;0.0;0.0;0.0;0.0;0.0;0.0;0.0;0.0;0.0;0.0;0.0;0.0;0.0;0.0;0.0;0.0;0.0;0.0;0.0;0.0;0.0;0.0;0.0;0.0;0.0;0.0;0.0;0.0;0.0;0.0;0.0;0.0;1.0;0.0;0.0;0.0;0.0;0.0;0.0;0.0;0.0;0.0;0.0;0.0;0.0;0.0;0.0;0.0;0.0;0.0;0.0;1.0;0.0;0.0;0.0;0.0;0.0;0.0;0.0;5.0;0.0;0.0;0.0;0.0;0.0;0.0;0.0;0.0;0.0;2.0;0.0;1.0;0.0;0.0;1.0;0.0;0.0;1.0;0.0;2.0;3.0;0.0;0.0;0.0;0.0;0.0;1.0;0.0;0.0;0.0;1.0;4.0;3.0;0.0;3.0;23.0;0.0;0.0;0.0;6.0;0.0;0.0;1.0;0.0;1.0;2.0;0.0;2.0;0.0;0.0;1.0;1.0;3.0;0.0;4.0;3.0;2.0;0.0;0.0;0.0;2.0;3.0;7.0;0.0;1.0;0.0;0.0;0.0;1.0;4.0;3.0;0.0;2.0;1.0;3.0;3.0;4.0;3.0;2.0;1.0;2.0;0.0;2.0;1.0;2.0;3.0;0.0;3.0;19.0;23.0;0.0;0.0;0.0;0.0;0.0;0.0;0.0;0.0;0.0;0.0;0.0
CHEMBL162826;0.0;0.0;0.0;0.0;0.0;0.0;0.0;0.0;0.0;0.0;0.0;0.0;0.0;0.0;0.0;0.0;0.0;0.0;0.0;0.0;0.0;0.0;0.0;0.0;0.0;0.0;0.0;0.0;0.0;0.0;0.0;0.0;0.0;0.0;0.0;0.0;0.0;1.0;0.0;0.0;0.0;0.0;0.0;0.0;0.0;0.0;0.0;0.0;0.0;0.0;0.0;0.0;0.0;0.0;0.0;0.0;1.0;0.0;0.0;0.0;0.0;0.0;0.0;0.0;5.0;0.0;0.0;0.0;0.0;0.0;0.0;0.0;0.0;0.0;2.0;0.0;1.0;0.0;0.0;1.0;0.0;0.0;1.0;0.0;2.0;3.0;0.0;0.0;0.0;0.0;0.0;1.0;0.0;0.0;2.0;1.0;4.0;3.0;0.0;3.0;23.0;0.0;0.0;0.0;6.0;0.0;0.0;1.0;0.0;1.0;2.0;0.0;4.0;0.0;0.0;1.0;1.0;3.0;0.0;4.0;3.0;2.0;0.0;0.0;0.0;4.0;3.0;7.0;1.0;1.0;0.0;0.0;0.0;1.0;4.0;3.0;1.0;3.0;1.0;3.0;3.0;4.0;3.0;2.0;1.0;2.0;0.0;3.0;1.0;2.0;3.0;1.0;3.0;19.0;23.0;0.0;0.0;0.0;0.0;0.0;0.0;0.0;0.0;0.0;0.0;0.0
CHEMBL162682;0.0;0.0;0.0;0.0;0.0;0.0;0.0;0.0;0.0;0.0;0.0;0.0;0.0;0.0;0.0;0.0;0.0;0.0;0.0;0.0;0.0;0.0;0.0;0.0;0.0;0.0;1.0;0.0;0.0;0.0;0.0;0.0;0.0;0.0;0.0;0.0;0.0;1.0;0.0;0.0;0.0;0.0;0.0;0.0;0.0;0.0;0.0;0.0;0.0;0.0;0.0;0.0;0.0;0.0;0.0;0.0;1.0;0.0;0.0;0.0;0.0;0.0;0.0;0.0;5.0;0.0;0.0;0.0;0.0;0.0;0.0;0.0;0.0;0.0;2.0;0.0;1.0;0.0;0.0;1.0;0.0;0.0;1.0;0.0;2.0;3.0;2.0;0.0;0.0;0.0;0.0;1.0;0.0;0.0;0.0;1.0;4.0;3.0;0.0;3.0;23.0;0.0;0.0;0.0;6.0;0.0;1.0;1.0;0.0;1.0;2.0;0.0;2.0;0.0;0.0;1.0;1.0;3.0;0.0;4.0;3.0;2.0;0.0;0.0;0.0;2.0;3.0;7.0;0.0;1.0;0.0;1.0;0.0;1.0;4.0;3.0;0.0;2.0;1.0;3.0;3.0;4.0;3.0;2.0;1.0;2.0;0.0;2.0;1.0;2.0;3.0;0.0;3.0;19.0;23.0;0.0;0.0;0.0;0.0;0.0;0.0;0.0;0.0;0.0;0.0;0.0
CHEMBL163190;0.0;0.0;0.0;0.0;0.0;0.0;0.0;0.0;0.0;0.0;0.0;0.0;0.0;0.0;0.0;0.0;0.0;0.0;0.0;0.0;0.0;0.0;0.0;0.0;0.0;0.0;0.0;0.0;0.0;0.0;0.0;0.0;0.0;0.0;0.0;0.0;0.0;1.0;0.0;0.0;0.0;0.0;0.0;0.0;0.0;0.0;0.0;0.0;0.0;0.0;0.0;0.0;0.0;0.0;0.0;0.0;1.0;0.0;0.0;0.0;0.0;0.0;0.0;0.0;5.0;0.0;0.0;0.0;0.0;0.0;0.0;0.0;0.0;0.0;2.0;0.0;1.0;0.0;0.0;1.0;0.0;0.0;1.0;0.0;2.0;3.0;0.0;0.0;0.0;0.0;0.0;1.0;0.0;0.0;0.0;1.0;4.0;3.0;0.0;3.0;23.0;0.0;0.0;0.0;6.0;0.0;0.0;1.0;0.0;1.0;2.0;0.0;2.0;0.0;0.0;1.0;1.0;3.0;0.0;4.0;3.0;2.0;0.0;0.0;0.0;2.0;3.0;7.0;0.0;1.0;0.0;0.0;0.0;1.0;4.0;3.0;0.0;2.0;2.0;3.0;3.0;4.0;3.0;2.0;2.0;2.0;0.0;2.0;1.0;2.0;4.0;0.0;3.0;19.0;23.0;0.0;0.0;0.0;0.0;0.0;0.0;0.0;0.0;0.0;0.0;0.0
CHEMBL162436;0.0;0.0;0.0;0.0;0.0;0.0;0.0;0.0;0.0;0.0;0.0;0.0;0.0;0.0;0.0;0.0;0.0;0.0;0.0;0.0;0.0;0.0;0.0;0.0;0.0;0.0;0.0;0.0;0.0;0.0;0.0;0.0;0.0;0.0;0.0;0.0;0.0;1.0;0.0;0.0;0.0;0.0;0.0;0.0;0.0;0.0;0.0;0.0;0.0;0.0;0.0;0.0;0.0;0.0;0.0;0.0;1.0;0.0;0.0;0.0;0.0;0.0;0.0;0.0;5.0;0.0;0.0;0.0;0.0;0.0;0.0;0.0;0.0;0.0;2.0;0.0;1.0;0.0;0.0;1.0;0.0;0.0;1.0;0.0;2.0;3.0;0.0;0.0;0.0;0.0;0.0;1.0;0.0;0.0;0.0;1.0;4.0;3.0;0.0;3.0;23.0;0.0;0.0;0.0;6.0;0.0;0.0;0.0;0.0;1.0;3.0;0.0;2.0;0.0;0.0;0.0;1.0;3.0;0.0;4.0;3.0;2.0;0.0;0.0;0.0;2.0;4.0;9.0;0.0;1.0;0.0;0.0;0.0;1.0;4.0;3.0;0.0;2.0;0.0;3.0;3.0;5.0;3.0;2.0;0.0;2.0;0.0;2.0;1.0;3.0;3.0;0.0;3.0;25.0;29.0;0.0;0.0;0.0;0.0;0.0;0.0;0.0;0.0;0.0;0.0;0.0
CHEMBL165350;0.0;0.0;0.0;0.0;0.0;0.0;0.0;0.0;0.0;0.0;0.0;0.0;0.0;0.0;0.0;0.0;0.0;0.0;0.0;0.0;0.0;0.0;0.0;0.0;0.0;0.0;0.0;0.0;0.0;0.0;0.0;0.0;0.0;0.0;0.0;0.0;0.0;1.0;0.0;0.0;0.0;0.0;0.0;0.0;0.0;1.0;0.0;0.0;0.0;0.0;0.0;0.0;0.0;0.0;0.0;0.0;1.0;0.0;0.0;0.0;0.0;0.0;0.0;0.0;5.0;0.0;0.0;0.0;0.0;0.0;0.0;0.0;0.0;0.0;2.0;0.0;1.0;0.0;0.0;1.0;0.0;0.0;1.0;0.0;2.0;3.0;2.0;0.0;0.0;0.0;0.0;1.0;0.0;0.0;0.0;1.0;4.0;3.0;0.0;3.0;23.0;0.0;0.0;0.0;6.0;0.0;1.0;1.0;0.0;1.0;2.0;0.0;2.0;0.0;0.0;1.0;1.0;3.0;0.0;4.0;3.0;2.0;0.0;0.0;0.0;2.0;3.0;7.0;0.0;1.0;0.0;1.0;0.0;1.0;4.0;3.0;0.0;2.0;1.0;3.0;3.0;4.0;3.0;2.0;1.0;2.0;0.0;2.0;1.0;2.0;3.0;0.0;3.0;19.0;23.0;0.0;0.0;0.0;0.0;0.0;0.0;0.0;0.0;0.0;0.0;0.0
CHEMBL165181;0.0;0.0;0.0;0.0;0.0;0.0;0.0;0.0;0.0;0.0;0.0;0.0;0.0;0.0;0.0;0.0;0.0;0.0;0.0;0.0;0.0;0.0;0.0;0.0;0.0;0.0;0.0;0.0;0.0;0.0;0.0;0.0;0.0;0.0;0.0;1.0;0.0;1.0;0.0;0.0;0.0;0.0;0.0;0.0;0.0;0.0;0.0;0.0;0.0;0.0;0.0;0.0;0.0;0.0;0.0;0.0;0.0;0.0;0.0;0.0;0.0;0.0;0.0;0.0;5.0;0.0;0.0;0.0;0.0;0.0;0.0;0.0;0.0;0.0;2.0;0.0;1.0;0.0;0.0;1.0;2.0;0.0;1.0;0.0;2.0;3.0;0.0;1.0;0.0;0.0;0.0;1.0;0.0;0.0;0.0;1.0;2.0;3.0;0.0;3.0;23.0;0.0;0.0;0.0;6.0;0.0;0.0;1.0;0.0;1.0;2.0;0.0;2.0;0.0;0.0;1.0;1.0;3.0;0.0;4.0;3.0;2.0;0.0;0.0;0.0;2.0;3.0;7.0;0.0;0.0;0.0;0.0;0.0;1.0;4.0;3.0;0.0;1.0;1.0;3.0;3.0;4.0;3.0;2.0;1.0;2.0;0.0;0.0;1.0;2.0;3.0;0.0;3.0;19.0;23.0;0.0;0.0;0.0;0.0;0.0;0.0;0.0;0.0;0.0;0.0;0.0
CHEMBL165677;0.0;0.0;0.0;0.0;0.0;0.0;0.0;0.0;0.0;0.0;0.0;0.0;0.0;0.0;0.0;0.0;0.0;0.0;0.0;0.0;0.0;0.0;0.0;0.0;0.0;0.0;0.0;0.0;0.0;0.0;0.0;0.0;0.0;0.0;0.0;0.0;0.0;1.0;0.0;0.0;0.0;0.0;0.0;0.0;0.0;0.0;0.0;0.0;0.0;0.0;0.0;0.0;0.0;0.0;0.0;0.0;1.0;0.0;0.0;0.0;0.0;0.0;0.0;0.0;5.0;0.0;0.0;0.0;0.0;0.0;0.0;0.0;0.0;0.0;2.0;0.0;1.0;0.0;0.0;1.0;0.0;0.0;1.0;0.0;2.0;3.0;2.0;0.0;0.0;0.0;0.0;1.0;0.0;0.0;0.0;1.0;4.0;3.0;0.0;3.0;23.0;0.0;1.0;0.0;6.0;0.0;1.0;1.0;0.0;1.0;2.0;0.0;2.0;0.0;0.0;1.0;1.0;3.0;0.0;4.0;3.0;2.0;0.0;0.0;0.0;2.0;3.0;7.0;0.0;1.0;0.0;1.0;0.0;1.0;4.0;3.0;0.0;2.0;1.0;3.0;3.0;4.0;3.0;2.0;1.0;2.0;0.0;2.0;1.0;2.0;3.0;0.0;3.0;19.0;23.0;0.0;0.0;0.0;0.0;0.0;0.0;0.0;0.0;0.0;0.0;0.0
CHEMBL165776;0.0;0.0;0.0;0.0;0.0;0.0;0.0;0.0;0.0;0.0;0.0;0.0;0.0;0.0;0.0;0.0;0.0;0.0;0.0;0.0;0.0;0.0;0.0;0.0;0.0;0.0;0.0;0.0;0.0;0.0;0.0;0.0;0.0;0.0;0.0;0.0;0.0;1.0;0.0;0.0;0.0;0.0;0.0;0.0;0.0;0.0;0.0;0.0;0.0;0.0;0.0;0.0;0.0;0.0;0.0;0.0;1.0;0.0;0.0;0.0;0.0;0.0;0.0;0.0;5.0;0.0;0.0;0.0;0.0;0.0;0.0;0.0;0.0;0.0;2.0;0.0;1.0;0.0;0.0;1.0;0.0;0.0;1.0;0.0;2.0;3.0;0.0;0.0;0.0;0.0;0.0;1.0;0.0;0.0;0.0;1.0;4.0;3.0;0.0;3.0;23.0;0.0;0.0;0.0;6.0;0.0;0.0;1.0;0.0;1.0;2.0;0.0;2.0;0.0;0.0;1.0;1.0;5.0;0.0;4.0;3.0;2.0;0.0;0.0;0.0;2.0;6.0;7.0;0.0;1.0;0.0;0.0;0.0;1.0;4.0;3.0;0.0;2.0;1.0;3.0;3.0;4.0;5.0;2.0;1.0;2.0;0.0;2.0;1.0;3.0;3.0;0.0;3.0;19.0;23.0;0.0;0.0;0.0;0.0;0.0;0.0;0.0;0.0;0.0;0.0;0.0
CHEMBL164612;0.0;0.0;0.0;0.0;0.0;0.0;0.0;0.0;0.0;0.0;0.0;0.0;0.0;0.0;0.0;0.0;0.0;0.0;0.0;0.0;0.0;0.0;0.0;0.0;0.0;0.0;0.0;0.0;0.0;0.0;0.0;0.0;0.0;0.0;0.0;0.0;0.0;1.0;0.0;0.0;0.0;0.0;0.0;0.0;0.0;0.0;0.0;0.0;0.0;0.0;0.0;0.0;0.0;0.0;0.0;0.0;1.0;0.0;0.0;0.0;0.0;0.0;0.0;0.0;5.0;0.0;0.0;0.0;0.0;0.0;0.0;0.0;0.0;0.0;2.0;0.0;1.0;0.0;0.0;1.0;0.0;0.0;1.0;0.0;2.0;3.0;2.0;0.0;0.0;0.0;0.0;1.0;0.0;0.0;0.0;1.0;4.0;3.0;0.0;3.0;23.0;0.0;1.0;0.0;6.0;0.0;1.0;1.0;0.0;1.0;2.0;0.0;2.0;0.0;0.0;1.0;1.0;3.0;0.0;4.0;3.0;2.0;0.0;0.0;0.0;2.0;3.0;7.0;0.0;1.0;0.0;1.0;0.0;1.0;4.0;3.0;0.0;2.0;1.0;3.0;3.0;4.0;3.0;2.0;1.0;2.0;0.0;2.0;1.0;2.0;3.0;0.0;3.0;19.0;23.0;0.0;0.0;0.0;0.0;0.0;0.0;0.0;0.0;0.0;0.0;0.0
CHEMBL165796;0.0;0.0;0.0;0.0;0.0;0.0;0.0;0.0;0.0;0.0;0.0;0.0;0.0;0.0;0.0;0.0;0.0;0.0;0.0;0.0;0.0;0.0;0.0;0.0;0.0;0.0;0.0;0.0;0.0;0.0;0.0;0.0;0.0;0.0;0.0;0.0;0.0;1.0;0.0;0.0;0.0;0.0;0.0;0.0;0.0;0.0;0.0;0.0;0.0;0.0;0.0;0.0;0.0;0.0;0.0;0.0;1.0;0.0;0.0;0.0;0.0;0.0;0.0;0.0;5.0;0.0;0.0;0.0;0.0;0.0;0.0;0.0;0.0;0.0;2.0;0.0;1.0;0.0;0.0;1.0;0.0;0.0;1.0;0.0;2.0;3.0;0.0;0.0;0.0;0.0;0.0;1.0;0.0;0.0;0.0;1.0;4.0;3.0;0.0;3.0;23.0;0.0;0.0;0.0;6.0;0.0;0.0;1.0;0.0;1.0;2.0;0.0;2.0;0.0;0.0;1.0;1.0;3.0;0.0;4.0;3.0;2.0;0.0;0.0;0.0;2.0;3.0;7.0;0.0;1.0;0.0;0.0;0.0;1.0;4.0;3.0;0.0;2.0;2.0;3.0;3.0;4.0;3.0;2.0;2.0;2.0;0.0;2.0;1.0;2.0;3.0;0.0;3.0;19.0;23.0;0.0;0.0;0.0;0.0;0.0;0.0;0.0;0.0;0.0;0.0;0.0
CHEMBL195437;0.0;0.0;0.0;0.0;0.0;0.0;0.0;0.0;0.0;0.0;0.0;0.0;0.0;0.0;0.0;0.0;0.0;0.0;0.0;0.0;0.0;0.0;0.0;0.0;0.0;0.0;0.0;0.0;0.0;0.0;0.0;0.0;0.0;0.0;0.0;0.0;0.0;0.0;0.0;0.0;0.0;0.0;0.0;0.0;0.0;0.0;0.0;0.0;0.0;0.0;0.0;0.0;0.0;0.0;0.0;0.0;0.0;0.0;0.0;0.0;0.0;0.0;0.0;0.0;0.0;0.0;0.0;0.0;0.0;0.0;0.0;0.0;0.0;0.0;0.0;0.0;0.0;0.0;0.0;0.0;0.0;0.0;0.0;0.0;0.0;0.0;0.0;0.0;0.0;0.0;0.0;0.0;0.0;0.0;0.0;0.0;0.0;0.0;0.0;0.0;0.0;0.0;0.0;0.0;0.0;0.0;0.0;1.0;0.0;0.0;0.0;0.0;2.0;1.0;1.0;1.0;0.0;9.0;0.0;0.0;0.0;0.0;0.0;0.0;0.0;2.0;6.0;8.0;1.0;0.0;0.0;0.0;0.0;0.0;0.0;0.0;1.0;1.0;1.0;0.0;0.0;1.0;9.0;0.0;1.0;0.0;0.0;1.0;0.0;7.0;0.0;1.0;0.0;6.0;6.0;0.0;0.0;0.0;0.0;0.0;0.0;0.0;0.0;0.0;0.0;0.0
CHEMBL198949;0.0;0.0;0.0;0.0;0.0;0.0;0.0;0.0;0.0;0.0;0.0;0.0;0.0;0.0;0.0;0.0;0.0;0.0;0.0;0.0;0.0;0.0;0.0;0.0;0.0;0.0;0.0;0.0;0.0;0.0;0.0;0.0;0.0;0.0;0.0;0.0;0.0;0.0;0.0;0.0;0.0;1.0;0.0;0.0;0.0;0.0;0.0;0.0;0.0;0.0;0.0;0.0;0.0;0.0;0.0;0.0;0.0;0.0;0.0;0.0;0.0;0.0;0.0;0.0;0.0;0.0;0.0;0.0;0.0;0.0;0.0;0.0;0.0;0.0;4.0;0.0;0.0;0.0;2.0;0.0;0.0;0.0;0.0;0.0;2.0;3.0;4.0;0.0;0.0;0.0;0.0;2.0;0.0;0.0;0.0;0.0;0.0;1.0;1.0;4.0;0.0;0.0;1.0;0.0;0.0;0.0;2.0;3.0;0.0;2.0;2.0;0.0;0.0;0.0;1.0;1.0;2.0;2.0;0.0;2.0;2.0;2.0;0.0;0.0;0.0;0.0;1.0;5.0;1.0;0.0;2.0;2.0;2.0;2.0;2.0;4.0;0.0;2.0;2.0;3.0;1.0;3.0;2.0;2.0;2.0;2.0;1.0;0.0;2.0;1.0;4.0;0.0;8.0;12.0;18.0;0.0;0.0;0.0;0.0;0.0;0.0;0.0;0.0;0.0;0.0;0.0
CHEMBL219916;0.0;0.0;0.0;0.0;0.0;0.0;0.0;0.0;0.0;0.0;0.0;0.0;0.0;0.0;0.0;0.0;0.0;0.0;0.0;0.0;0.0;0.0;0.0;0.0;0.0;0.0;0.0;0.0;0.0;0.0;0.0;0.0;0.0;0.0;0.0;0.0;2.0;0.0;0.0;0.0;0.0;0.0;0.0;0.0;0.0;0.0;0.0;0.0;0.0;0.0;0.0;0.0;0.0;0.0;0.0;0.0;0.0;0.0;0.0;0.0;0.0;4.0;0.0;0.0;8.0;0.0;0.0;0.0;0.0;0.0;0.0;0.0;0.0;0.0;6.0;0.0;2.0;0.0;2.0;3.0;0.0;0.0;2.0;0.0;3.0;3.0;2.0;0.0;0.0;1.0;2.0;0.0;0.0;0.0;0.0;2.0;0.0;1.0;0.0;4.0;18.0;0.0;1.0;0.0;4.0;2.0;1.0;0.0;0.0;4.0;6.0;0.0;4.0;0.0;0.0;0.0;4.0;5.0;0.0;5.0;5.0;3.0;0.0;0.0;0.0;4.0;6.0;8.0;2.0;0.0;2.0;1.0;0.0;0.0;5.0;4.0;2.0;2.0;0.0;5.0;2.0;3.0;5.0;3.0;0.0;2.0;0.0;0.0;0.0;3.0;7.0;2.0;5.0;18.0;24.0;0.0;0.0;0.0;0.0;0.0;0.0;0.0;0.0;0.0;0.0;0.0
CHEMBL250699;0.0;0.0;0.0;0.0;0.0;0.0;0.0;0.0;0.0;0.0;0.0;0.0;0.0;0.0;0.0;0.0;0.0;0.0;0.0;0.0;0.0;0.0;0.0;0.0;0.0;0.0;0.0;0.0;0.0;0.0;0.0;0.0;0.0;0.0;0.0;0.0;0.0;0.0;0.0;0.0;0.0;0.0;0.0;0.0;0.0;0.0;0.0;0.0;0.0;0.0;0.0;0.0;0.0;0.0;0.0;0.0;1.0;0.0;0.0;0.0;0.0;4.0;0.0;0.0;0.0;0.0;0.0;0.0;0.0;0.0;0.0;1.0;0.0;0.0;0.0;0.0;0.0;0.0;0.0;0.0;0.0;0.0;1.0;0.0;0.0;0.0;2.0;0.0;1.0;0.0;0.0;1.0;2.0;0.0;1.0;1.0;2.0;0.0;0.0;0.0;0.0;0.0;1.0;0.0;0.0;0.0;1.0;0.0;0.0;1.0;0.0;0.0;4.0;0.0;0.0;0.0;1.0;0.0;0.0;1.0;0.0;0.0;0.0;0.0;2.0;4.0;0.0;0.0;1.0;0.0;2.0;1.0;2.0;1.0;1.0;0.0;0.0;4.0;2.0;1.0;0.0;2.0;0.0;0.0;2.0;0.0;1.0;4.0;1.0;0.0;2.0;4.0;2.0;17.0;17.0;0.0;0.0;0.0;0.0;0.0;0.0;0.0;0.0;0.0;0.0;0.0
CHEMBL41;0.0;0.0;0.0;0.0;0.0;0.0;0.0;0.0;0.0;0.0;0.0;0.0;0.0;0.0;0.0;0.0;0.0;0.0;0.0;0.0;0.0;0.0;0.0;0.0;0.0;0.0;0.0;0.0;0.0;0.0;0.0;0.0;0.0;0.0;0.0;0.0;0.0;0.0;0.0;0.0;0.0;3.0;0.0;0.0;0.0;0.0;0.0;0.0;0.0;0.0;0.0;0.0;0.0;0.0;0.0;0.0;0.0;0.0;0.0;0.0;0.0;0.0;0.0;0.0;0.0;0.0;0.0;0.0;0.0;0.0;0.0;0.0;0.0;0.0;0.0;0.0;0.0;0.0;0.0;0.0;0.0;1.0;0.0;0.0;0.0;1.0;0.0;0.0;0.0;0.0;0.0;0.0;1.0;0.0;0.0;0.0;1.0;0.0;0.0;1.0;0.0;0.0;0.0;1.0;0.0;1.0;4.0;0.0;0.0;0.0;1.0;1.0;2.0;0.0;1.0;1.0;0.0;2.0;0.0;0.0;0.0;0.0;0.0;0.0;1.0;2.0;0.0;0.0;1.0;1.0;0.0;3.0;0.0;0.0;0.0;1.0;0.0;1.0;1.0;1.0;0.0;2.0;2.0;0.0;1.0;0.0;1.0;2.0;0.0;2.0;0.0;2.0;2.0;12.0;12.0;0.0;0.0;0.0;0.0;0.0;0.0;0.0;0.0;0.0;0.0;0.0
CHEMBL415;0.0;0.0;0.0;0.0;0.0;0.0;0.0;0.0;0.0;0.0;0.0;0.0;0.0;0.0;0.0;0.0;0.0;0.0;1.0;0.0;0.0;0.0;0.0;0.0;0.0;0.0;0.0;0.0;0.0;0.0;0.0;0.0;0.0;0.0;0.0;0.0;0.0;0.0;0.0;0.0;0.0;0.0;0.0;0.0;0.0;0.0;0.0;0.0;0.0;0.0;0.0;0.0;0.0;0.0;0.0;0.0;0.0;0.0;0.0;0.0;0.0;0.0;0.0;0.0;0.0;0.0;0.0;0.0;0.0;0.0;0.0;0.0;0.0;1.0;2.0;0.0;0.0;0.0;0.0;1.0;0.0;0.0;0.0;0.0;2.0;3.0;2.0;0.0;0.0;0.0;0.0;0.0;2.0;0.0;0.0;0.0;0.0;0.0;0.0;2.0;15.0;0.0;1.0;0.0;4.0;0.0;1.0;2.0;0.0;0.0;2.0;0.0;0.0;0.0;2.0;2.0;0.0;6.0;0.0;1.0;1.0;2.0;0.0;0.0;0.0;0.0;3.0;0.0;0.0;0.0;0.0;1.0;4.0;0.0;1.0;2.0;0.0;0.0;2.0;2.0;2.0;2.0;6.0;2.0;2.0;0.0;0.0;0.0;0.0;3.0;2.0;0.0;6.0;12.0;15.0;0.0;0.0;0.0;0.0;0.0;0.0;0.0;0.0;0.0;0.0;0.0
CHEMBL42;0.0;0.0;0.0;0.0;0.0;0.0;0.0;0.0;0.0;0.0;0.0;0.0;0.0;0.0;0.0;0.0;0.0;0.0;1.0;0.0;0.0;0.0;0.0;0.0;0.0;0.0;0.0;0.0;0.0;0.0;0.0;0.0;0.0;0.0;0.0;0.0;0.0;1.0;0.0;0.0;0.0;0.0;0.0;0.0;0.0;0.0;0.0;0.0;0.0;0.0;0.0;0.0;0.0;0.0;0.0;0.0;0.0;0.0;0.0;0.0;0.0;4.0;0.0;0.0;0.0;0.0;0.0;0.0;0.0;0.0;0.0;0.0;0.0;0.0;4.0;0.0;1.0;1.0;3.0;2.0;0.0;0.0;0.0;0.0;2.0;4.0;2.0;0.0;0.0;0.0;0.0;0.0;1.0;0.0;0.0;0.0;0.0;1.0;0.0;4.0;15.0;0.0;1.0;0.0;4.0;0.0;1.0;0.0;0.0;0.0;2.0;0.0;0.0;0.0;2.0;1.0;0.0;2.0;1.0;4.0;4.0;2.0;0.0;0.0;0.0;0.0;2.0;6.0;1.0;0.0;2.0;1.0;6.0;0.0;4.0;4.0;0.0;0.0;1.0;4.0;2.0;3.0;2.0;2.0;1.0;0.0;1.0;0.0;0.0;0.0;4.0;0.0;9.0;12.0;21.0;0.0;0.0;0.0;0.0;0.0;0.0;0.0;0.0;0.0;0.0;0.0
CHEMBL54;0.0;0.0;0.0;0.0;0.0;0.0;0.0;0.0;0.0;0.0;0.0;0.0;0.0;0.0;0.0;0.0;0.0;0.0;0.0;0.0;0.0;0.0;0.0;0.0;0.0;0.0;0.0;0.0;0.0;0.0;0.0;0.0;0.0;0.0;0.0;0.0;0.0;0.0;0.0;0.0;0.0;1.0;0.0;0.0;0.0;0.0;0.0;0.0;0.0;0.0;0.0;0.0;0.0;0.0;0.0;0.0;0.0;0.0;0.0;0.0;0.0;4.0;0.0;0.0;0.0;1.0;0.0;0.0;0.0;0.0;0.0;0.0;0.0;0.0;2.0;0.0;0.0;0.0;0.0;0.0;0.0;0.0;0.0;0.0;1.0;3.0;4.0;0.0;0.0;1.0;0.0;0.0;0.0;0.0;0.0;0.0;2.0;1.0;0.0;3.0;0.0;0.0;1.0;2.0;0.0;0.0;2.0;0.0;0.0;0.0;3.0;1.0;0.0;0.0;0.0;0.0;0.0;5.0;0.0;1.0;1.0;1.0;0.0;0.0;0.0;2.0;6.0;8.0;1.0;3.0;0.0;2.0;0.0;1.0;1.0;3.0;1.0;2.0;0.0;1.0;0.0;3.0;5.0;1.0;0.0;0.0;0.0;4.0;1.0;3.0;0.0;1.0;3.0;12.0;18.0;0.0;0.0;0.0;0.0;0.0;0.0;0.0;0.0;0.0;0.0;0.0
CHEMBL445;0.0;0.0;0.0;0.0;0.0;0.0;0.0;0.0;0.0;0.0;0.0;0.0;0.0;0.0;0.0;0.0;0.0;0.0;1.0;0.0;0.0;0.0;0.0;0.0;0.0;0.0;0.0;0.0;0.0;0.0;0.0;0.0;0.0;0.0;0.0;0.0;0.0;0.0;0.0;0.0;0.0;0.0;0.0;0.0;0.0;0.0;0.0;0.0;0.0;1.0;0.0;0.0;0.0;0.0;0.0;0.0;0.0;0.0;0.0;0.0;0.0;0.0;0.0;0.0;0.0;0.0;0.0;0.0;0.0;0.0;0.0;0.0;0.0;0.0;0.0;1.0;0.0;0.0;0.0;0.0;0.0;1.0;0.0;0.0;0.0;1.0;0.0;0.0;0.0;0.0;0.0;0.0;1.0;0.0;0.0;0.0;0.0;0.0;1.0;1.0;15.0;0.0;0.0;1.0;4.0;0.0;0.0;0.0;0.0;0.0;1.0;0.0;0.0;0.0;1.0;1.0;0.0;4.0;0.0;0.0;0.0;0.0;0.0;0.0;0.0;0.0;0.0;0.0;1.0;0.0;0.0;0.0;0.0;0.0;0.0;1.0;0.0;0.0;1.0;1.0;2.0;2.0;4.0;0.0;1.0;0.0;1.0;0.0;0.0;2.0;0.0;0.0;2.0;12.0;15.0;0.0;0.0;0.0;0.0;0.0;0.0;0.0;0.0;0.0;0.0;0.0
CHEMBL85;0.0;0.0;0.0;0.0;0.0;0.0;0.0;0.0;0.0;0.0;0.0;0.0;0.0;0.0;0.0;0.0;0.0;0.0;0.0;0.0;0.0;0.0;0.0;0.0;0.0;0.0;0.0;0.0;0.0;0.0;0.0;0.0;0.0;0.0;0.0;0.0;0.0;1.0;0.0;0.0;0.0;1.0;0.0;0.0;0.0;0.0;0.0;0.0;0.0;0.0;0.0;0.0;0.0;0.0;0.0;0.0;1.0;0.0;0.0;0.0;0.0;4.0;0.0;0.0;5.0;0.0;0.0;0.0;0.0;0.0;1.0;0.0;0.0;0.0;2.0;0.0;1.0;0.0;0.0;1.0;0.0;0.0;1.0;0.0;2.0;3.0;2.0;0.0;0.0;0.0;0.0;1.0;0.0;1.0;0.0;1.0;3.0;3.0;0.0;4.0;19.0;1.0;0.0;0.0;4.0;0.0;1.0;2.0;0.0;1.0;6.0;0.0;2.0;0.0;0.0;1.0;1.0;9.0;0.0;5.0;4.0;2.0;0.0;1.0;0.0;2.0;6.0;12.0;0.0;0.0;0.0;1.0;0.0;1.0;5.0;4.0;0.0;2.0;1.0;4.0;4.0;4.0;9.0;2.0;1.0;2.0;0.0;1.0;1.0;2.0;4.0;0.0;4.0;15.0;25.0;0.0;0.0;0.0;0.0;0.0;0.0;0.0;0.0;0.0;0.0;0.0
CHEMBL83;0.0;0.0;0.0;0.0;0.0;0.0;0.0;0.0;0.0;0.0;0.0;0.0;0.0;0.0;0.0;0.0;0.0;0.0;0.0;0.0;0.0;0.0;0.0;0.0;0.0;0.0;0.0;0.0;0.0;0.0;0.0;0.0;0.0;0.0;0.0;0.0;0.0;0.0;0.0;0.0;0.0;0.0;0.0;0.0;0.0;0.0;0.0;0.0;0.0;2.0;0.0;0.0;0.0;0.0;0.0;0.0;0.0;0.0;0.0;0.0;0.0;0.0;0.0;0.0;0.0;0.0;0.0;0.0;0.0;0.0;0.0;0.0;0.0;1.0;0.0;2.0;0.0;0.0;0.0;0.0;0.0;0.0;0.0;0.0;1.0;3.0;0.0;0.0;0.0;0.0;0.0;0.0;2.0;0.0;1.0;0.0;0.0;0.0;1.0;1.0;0.0;0.0;0.0;0.0;0.0;0.0;0.0;0.0;1.0;0.0;1.0;0.0;2.0;1.0;2.0;2.0;0.0;2.0;0.0;0.0;0.0;1.0;0.0;0.0;1.0;2.0;0.0;0.0;0.0;1.0;0.0;0.0;0.0;0.0;0.0;2.0;0.0;1.0;3.0;1.0;0.0;3.0;2.0;1.0;3.0;0.0;0.0;1.0;0.0;3.0;0.0;2.0;3.0;18.0;18.0;0.0;0.0;0.0;0.0;0.0;0.0;0.0;0.0;0.0;0.0;0.0
CHEMBL534;0.0;0.0;0.0;0.0;0.0;0.0;0.0;0.0;0.0;0.0;0.0;0.0;0.0;0.0;0.0;0.0;0.0;0.0;1.0;0.0;0.0;0.0;0.0;0.0;0.0;0.0;0.0;0.0;0.0;0.0;0.0;0.0;0.0;0.0;0.0;1.0;0.0;0.0;0.0;0.0;0.0;0.0;0.0;0.0;0.0;0.0;0.0;0.0;0.0;2.0;0.0;0.0;0.0;0.0;0.0;0.0;0.0;0.0;0.0;0.0;0.0;4.0;0.0;0.0;0.0;0.0;0.0;0.0;0.0;0.0;0.0;0.0;0.0;0.0;2.0;2.0;0.0;0.0;0.0;0.0;1.0;0.0;1.0;0.0;1.0;3.0;0.0;1.0;0.0;0.0;0.0;0.0;1.0;0.0;0.0;1.0;0.0;1.0;1.0;2.0;14.0;0.0;0.0;0.0;4.0;0.0;0.0;0.0;0.0;0.0;2.0;0.0;0.0;0.0;2.0;1.0;0.0;2.0;0.0;2.0;1.0;1.0;0.0;0.0;0.0;2.0;2.0;6.0;0.0;1.0;0.0;0.0;0.0;1.0;2.0;2.0;0.0;1.0;1.0;1.0;2.0;2.0;2.0;1.0;1.0;0.0;0.0;1.0;1.0;0.0;0.0;0.0;3.0;11.0;20.0;0.0;0.0;0.0;0.0;0.0;0.0;0.0;0.0;0.0;0.0;0.0
CHEMBL547;0.0;0.0;0.0;0.0;0.0;0.0;0.0;0.0;0.0;0.0;0.0;0.0;0.0;0.0;0.0;0.0;0.0;0.0;0.0;0.0;0.0;0.0;0.0;0.0;0.0;0.0;0.0;0.0;0.0;0.0;0.0;0.0;0.0;0.0;0.0;0.0;0.0;0.0;0.0;0.0;0.0;0.0;0.0;0.0;0.0;0.0;0.0;0.0;0.0;4.0;0.0;0.0;0.0;0.0;0.0;0.0;0.0;0.0;0.0;0.0;0.0;0.0;0.0;0.0;0.0;1.0;0.0;0.0;0.0;0.0;0.0;0.0;0.0;1.0;0.0;4.0;0.0;0.0;0.0;0.0;0.0;0.0;0.0;0.0;0.0;0.0;0.0;0.0;0.0;0.0;0.0;0.0;0.0;0.0;0.0;0.0;0.0;0.0;5.0;0.0;0.0;0.0;0.0;0.0;0.0;0.0;0.0;6.0;0.0;0.0;0.0;1.0;0.0;0.0;3.0;3.0;0.0;4.0;0.0;0.0;0.0;0.0;1.0;0.0;0.0;0.0;1.0;0.0;1.0;0.0;0.0;0.0;0.0;1.0;0.0;0.0;1.0;2.0;5.0;0.0;0.0;1.0;4.0;0.0;5.0;3.0;0.0;0.0;1.0;0.0;0.0;1.0;0.0;0.0;6.0;0.0;0.0;0.0;0.0;0.0;0.0;0.0;0.0;0.0;0.0;0.0
CHEMBL654;0.0;0.0;0.0;0.0;0.0;0.0;0.0;0.0;0.0;0.0;0.0;0.0;0.0;0.0;0.0;0.0;0.0;0.0;1.0;0.0;0.0;0.0;0.0;0.0;0.0;0.0;0.0;0.0;0.0;0.0;0.0;0.0;0.0;0.0;0.0;0.0;0.0;1.0;0.0;0.0;0.0;0.0;0.0;0.0;0.0;0.0;0.0;0.0;0.0;0.0;0.0;0.0;0.0;0.0;0.0;0.0;0.0;0.0;0.0;0.0;0.0;0.0;0.0;0.0;2.0;0.0;0.0;0.0;0.0;0.0;0.0;0.0;0.0;0.0;2.0;0.0;1.0;0.0;2.0;0.0;0.0;0.0;0.0;0.0;2.0;3.0;0.0;0.0;0.0;0.0;0.0;0.0;1.0;0.0;0.0;0.0;0.0;2.0;0.0;3.0;19.0;0.0;0.0;0.0;6.0;0.0;0.0;0.0;0.0;0.0;2.0;0.0;0.0;0.0;2.0;1.0;0.0;2.0;0.0;3.0;3.0;2.0;0.0;0.0;0.0;0.0;4.0;4.0;0.0;0.0;0.0;0.0;2.0;0.0;3.0;3.0;0.0;0.0;1.0;3.0;2.0;3.0;2.0;2.0;1.0;0.0;0.0;0.0;0.0;0.0;2.0;0.0;6.0;12.0;19.0;0.0;0.0;0.0;0.0;0.0;0.0;0.0;0.0;0.0;0.0;0.0
CHEMBL118;0.0;0.0;0.0;0.0;0.0;0.0;0.0;0.0;0.0;0.0;0.0;0.0;0.0;0.0;0.0;0.0;0.0;0.0;0.0;0.0;0.0;0.0;0.0;0.0;0.0;0.0;0.0;0.0;0.0;0.0;0.0;1.0;1.0;0.0;0.0;0.0;0.0;0.0;0.0;0.0;0.0;3.0;0.0;0.0;0.0;0.0;0.0;0.0;0.0;0.0;2.0;1.0;0.0;0.0;1.0;0.0;0.0;3.0;2.0;2.0;4.0;8.0;0.0;2.0;2.0;0.0;3.0;0.0;1.0;0.0;0.0;0.0;2.0;0.0;2.0;0.0;0.0;0.0;0.0;1.0;1.0;0.0;1.0;1.0;0.0;0.0;0.0;1.0;0.0;0.0;0.0;0.0;0.0;2.0;0.0;1.0;0.0;0.0;0.0;0.0;0.0;2.0;0.0;0.0;0.0;2.0;4.0;0.0;0.0;0.0;0.0;2.0;0.0;0.0;0.0;0.0;2.0;0.0;0.0;2.0;2.0;1.0;0.0;4.0;0.0;0.0;0.0;0.0;1.0;0.0;2.0;3.0;2.0;2.0;2.0;0.0;0.0;2.0;1.0;3.0;1.0;2.0;0.0;5.0;1.0;1.0;1.0;0.0;0.0;0.0;7.0;0.0;1.0;17.0;17.0;0.0;0.0;0.0;0.0;0.0;0.0;0.0;0.0;0.0;0.0;0.0
CHEMBL679;0.0;0.0;0.0;0.0;0.0;0.0;0.0;0.0;0.0;0.0;0.0;0.0;0.0;0.0;0.0;0.0;0.0;0.0;0.0;0.0;0.0;0.0;0.0;0.0;0.0;0.0;0.0;0.0;0.0;0.0;0.0;0.0;0.0;0.0;0.0;0.0;0.0;0.0;0.0;0.0;0.0;0.0;0.0;0.0;0.0;0.0;0.0;0.0;0.0;0.0;0.0;0.0;0.0;2.0;0.0;0.0;0.0;0.0;0.0;0.0;0.0;0.0;0.0;0.0;0.0;0.0;0.0;0.0;0.0;0.0;0.0;1.0;0.0;0.0;0.0;0.0;0.0;0.0;0.0;0.0;0.0;1.0;0.0;0.0;0.0;1.0;0.0;0.0;0.0;0.0;0.0;0.0;1.0;0.0;1.0;0.0;0.0;0.0;0.0;1.0;0.0;0.0;0.0;1.0;0.0;0.0;0.0;0.0;0.0;0.0;0.0;0.0;4.0;0.0;1.0;0.0;0.0;0.0;0.0;0.0;0.0;0.0;0.0;0.0;0.0;4.0;0.0;0.0;4.0;1.0;0.0;0.0;0.0;0.0;0.0;1.0;3.0;3.0;1.0;1.0;1.0;1.0;0.0;0.0;1.0;1.0;1.0;3.0;0.0;1.0;0.0;3.0;2.0;6.0;6.0;0.0;0.0;0.0;0.0;0.0;0.0;0.0;0.0;0.0;0.0;0.0
CHEMBL629;0.0;0.0;0.0;0.0;0.0;0.0;0.0;0.0;0.0;0.0;0.0;0.0;0.0;0.0;0.0;0.0;0.0;0.0;1.0;0.0;0.0;0.0;0.0;0.0;0.0;0.0;0.0;0.0;0.0;0.0;0.0;0.0;0.0;0.0;0.0;0.0;0.0;0.0;0.0;0.0;0.0;0.0;0.0;0.0;0.0;0.0;0.0;0.0;0.0;1.0;0.0;0.0;0.0;0.0;0.0;0.0;0.0;0.0;0.0;0.0;0.0;0.0;0.0;0.0;0.0;0.0;0.0;0.0;0.0;0.0;0.0;0.0;0.0;1.0;0.0;1.0;0.0;0.0;0.0;0.0;0.0;0.0;0.0;0.0;1.0;3.0;0.0;0.0;0.0;0.0;0.0;0.0;2.0;0.0;0.0;0.0;0.0;0.0;1.0;1.0;15.0;0.0;0.0;0.0;4.0;0.0;0.0;0.0;0.0;0.0;1.0;0.0;0.0;0.0;2.0;2.0;0.0;4.0;0.0;0.0;0.0;1.0;0.0;0.0;0.0;0.0;0.0;0.0;0.0;0.0;0.0;0.0;0.0;0.0;0.0;1.0;0.0;0.0;2.0;1.0;2.0;2.0;4.0;1.0;2.0;0.0;0.0;0.0;0.0;2.0;0.0;0.0;3.0;12.0;15.0;0.0;0.0;0.0;0.0;0.0;0.0;0.0;0.0;0.0;0.0;0.0
CHEMBL643;0.0;0.0;0.0;0.0;0.0;0.0;0.0;0.0;0.0;0.0;0.0;0.0;0.0;0.0;0.0;0.0;0.0;0.0;0.0;0.0;0.0;0.0;0.0;0.0;0.0;0.0;0.0;0.0;0.0;0.0;0.0;0.0;0.0;0.0;0.0;1.0;0.0;0.0;0.0;0.0;0.0;0.0;0.0;0.0;0.0;0.0;0.0;0.0;0.0;0.0;0.0;0.0;0.0;0.0;0.0;0.0;0.0;0.0;4.0;0.0;0.0;0.0;0.0;0.0;0.0;0.0;0.0;0.0;0.0;0.0;0.0;0.0;0.0;1.0;2.0;0.0;0.0;0.0;1.0;0.0;2.0;0.0;0.0;0.0;2.0;1.0;0.0;1.0;0.0;0.0;0.0;0.0;2.0;0.0;0.0;0.0;0.0;1.0;0.0;1.0;14.0;0.0;0.0;0.0;4.0;0.0;0.0;0.0;0.0;0.0;1.0;0.0;0.0;0.0;1.0;2.0;0.0;0.0;0.0;2.0;1.0;2.0;0.0;0.0;0.0;0.0;0.0;0.0;0.0;0.0;0.0;0.0;4.0;0.0;2.0;1.0;0.0;0.0;3.0;2.0;2.0;3.0;0.0;2.0;3.0;0.0;0.0;0.0;0.0;1.0;3.0;0.0;6.0;12.0;14.0;0.0;0.0;0.0;0.0;0.0;0.0;0.0;0.0;0.0;0.0;0.0
CHEMBL809;0.0;0.0;0.0;0.0;0.0;0.0;0.0;0.0;0.0;0.0;0.0;0.0;0.0;0.0;0.0;0.0;0.0;0.0;0.0;0.0;0.0;0.0;0.0;0.0;0.0;0.0;0.0;0.0;0.0;0.0;0.0;0.0;0.0;0.0;0.0;0.0;0.0;0.0;0.0;0.0;0.0;0.0;0.0;0.0;0.0;0.0;0.0;0.0;0.0;0.0;0.0;0.0;0.0;0.0;0.0;0.0;0.0;0.0;0.0;0.0;0.0;4.0;0.0;0.0;0.0;0.0;0.0;0.0;0.0;0.0;0.0;0.0;0.0;0.0;0.0;0.0;0.0;0.0;0.0;0.0;0.0;0.0;0.0;0.0;0.0;0.0;4.0;0.0;0.0;1.0;0.0;0.0;1.0;0.0;0.0;0.0;0.0;0.0;0.0;0.0;10.0;0.0;2.0;1.0;2.0;0.0;2.0;1.0;0.0;0.0;1.0;0.0;0.0;0.0;0.0;1.0;0.0;2.0;0.0;0.0;0.0;0.0;0.0;0.0;0.0;0.0;0.0;0.0;1.0;0.0;2.0;2.0;0.0;0.0;0.0;0.0;0.0;0.0;1.0;1.0;2.0;3.0;2.0;0.0;1.0;1.0;1.0;0.0;0.0;0.0;1.0;0.0;2.0;12.0;16.0;0.0;0.0;0.0;0.0;0.0;0.0;0.0;0.0;0.0;0.0;0.0
CHEMBL290106;0.0;0.0;0.0;0.0;0.0;0.0;0.0;0.0;0.0;0.0;0.0;0.0;0.0;0.0;0.0;0.0;0.0;0.0;0.0;0.0;0.0;0.0;0.0;0.0;0.0;0.0;0.0;0.0;0.0;0.0;0.0;0.0;0.0;0.0;0.0;0.0;0.0;0.0;0.0;0.0;0.0;0.0;0.0;0.0;0.0;0.0;0.0;0.0;0.0;0.0;0.0;0.0;0.0;0.0;0.0;0.0;0.0;0.0;4.0;0.0;0.0;0.0;0.0;4.0;0.0;0.0;0.0;0.0;0.0;0.0;0.0;0.0;0.0;0.0;0.0;0.0;0.0;0.0;0.0;0.0;2.0;0.0;0.0;0.0;0.0;0.0;8.0;1.0;0.0;0.0;0.0;0.0;0.0;0.0;0.0;0.0;0.0;0.0;0.0;0.0;0.0;0.0;4.0;0.0;0.0;0.0;4.0;0.0;0.0;0.0;0.0;0.0;4.0;0.0;0.0;0.0;0.0;0.0;0.0;0.0;0.0;0.0;0.0;0.0;0.0;4.0;0.0;0.0;2.0;0.0;0.0;4.0;0.0;0.0;0.0;0.0;2.0;2.0;0.0;0.0;4.0;2.0;0.0;0.0;0.0;4.0;0.0;2.0;0.0;0.0;0.0;2.0;0.0;12.0;12.0;0.0;0.0;0.0;0.0;0.0;0.0;0.0;0.0;0.0;0.0;0.0
CHEMBL295124;0.0;0.0;0.0;0.0;0.0;0.0;0.0;0.0;0.0;0.0;0.0;0.0;0.0;0.0;0.0;0.0;0.0;0.0;0.0;0.0;0.0;0.0;0.0;0.0;0.0;0.0;0.0;1.0;0.0;0.0;0.0;0.0;0.0;0.0;0.0;0.0;0.0;0.0;0.0;0.0;0.0;0.0;0.0;0.0;0.0;0.0;0.0;0.0;1.0;0.0;0.0;0.0;0.0;0.0;0.0;0.0;2.0;0.0;0.0;0.0;0.0;0.0;0.0;0.0;2.0;0.0;0.0;0.0;0.0;0.0;0.0;2.0;0.0;0.0;0.0;0.0;0.0;0.0;0.0;0.0;0.0;0.0;1.0;0.0;1.0;0.0;0.0;0.0;0.0;0.0;0.0;0.0;2.0;0.0;0.0;1.0;1.0;2.0;0.0;1.0;21.0;0.0;0.0;0.0;8.0;0.0;0.0;0.0;1.0;0.0;1.0;0.0;8.0;0.0;0.0;0.0;0.0;2.0;0.0;3.0;1.0;1.0;1.0;0.0;2.0;4.0;0.0;0.0;0.0;0.0;0.0;0.0;0.0;0.0;3.0;2.0;0.0;4.0;2.0;1.0;4.0;4.0;2.0;1.0;2.0;1.0;0.0;4.0;0.0;0.0;1.0;8.0;1.0;16.0;21.0;0.0;0.0;0.0;0.0;0.0;0.0;0.0;0.0;0.0;0.0;0.0
CHEMBL296419;0.0;0.0;0.0;0.0;0.0;0.0;0.0;0.0;0.0;0.0;0.0;0.0;0.0;0.0;0.0;0.0;0.0;0.0;0.0;0.0;0.0;0.0;0.0;0.0;1.0;0.0;0.0;0.0;0.0;0.0;0.0;0.0;0.0;0.0;0.0;0.0;0.0;0.0;0.0;0.0;0.0;1.0;0.0;0.0;0.0;0.0;0.0;0.0;0.0;0.0;0.0;0.0;0.0;0.0;0.0;0.0;0.0;0.0;0.0;0.0;0.0;0.0;0.0;0.0;4.0;0.0;0.0;0.0;0.0;0.0;0.0;0.0;0.0;0.0;4.0;0.0;3.0;1.0;1.0;2.0;0.0;0.0;1.0;0.0;2.0;3.0;2.0;0.0;0.0;1.0;1.0;0.0;1.0;0.0;0.0;1.0;0.0;1.0;0.0;4.0;9.0;0.0;0.0;0.0;2.0;1.0;1.0;0.0;0.0;0.0;5.0;0.0;2.0;0.0;0.0;0.0;0.0;3.0;1.0;3.0;3.0;2.0;0.0;0.0;1.0;2.0;3.0;8.0;1.0;0.0;4.0;1.0;2.0;0.0;3.0;4.0;0.0;1.0;1.0;4.0;1.0;4.0;3.0;2.0;1.0;1.0;1.0;1.0;0.0;3.0;4.0;2.0;5.0;21.0;27.0;0.0;0.0;0.0;0.0;0.0;0.0;0.0;0.0;0.0;0.0;0.0
CHEMBL295698;0.0;0.0;0.0;0.0;0.0;0.0;0.0;0.0;0.0;0.0;0.0;0.0;0.0;0.0;0.0;0.0;0.0;0.0;0.0;0.0;0.0;0.0;0.0;0.0;0.0;0.0;0.0;0.0;0.0;0.0;0.0;0.0;0.0;0.0;0.0;0.0;0.0;0.0;0.0;0.0;0.0;0.0;0.0;0.0;0.0;0.0;0.0;0.0;0.0;0.0;0.0;0.0;0.0;0.0;0.0;0.0;2.0;0.0;0.0;0.0;0.0;8.0;0.0;0.0;4.0;0.0;0.0;0.0;0.0;0.0;0.0;2.0;0.0;0.0;6.0;0.0;1.0;0.0;3.0;0.0;0.0;0.0;2.0;0.0;3.0;2.0;4.0;0.0;1.0;0.0;0.0;1.0;0.0;0.0;2.0;2.0;0.0;1.0;0.0;5.0;0.0;0.0;2.0;0.0;0.0;0.0;2.0;2.0;2.0;1.0;2.0;1.0;2.0;0.0;0.0;1.0;1.0;2.0;0.0;6.0;4.0;3.0;1.0;0.0;1.0;2.0;5.0;8.0;0.0;4.0;2.0;2.0;2.0;1.0;6.0;7.0;0.0;4.0;1.0;4.0;1.0;3.0;2.0;3.0;1.0;1.0;0.0;4.0;1.0;2.0;2.0;6.0;7.0;17.0;28.0;0.0;0.0;0.0;0.0;0.0;0.0;0.0;0.0;0.0;0.0;0.0
CHEMBL954;0.0;0.0;0.0;0.0;0.0;0.0;0.0;0.0;0.0;0.0;0.0;0.0;0.0;0.0;0.0;0.0;0.0;0.0;0.0;0.0;0.0;0.0;0.0;0.0;0.0;0.0;0.0;0.0;0.0;0.0;0.0;0.0;0.0;0.0;0.0;0.0;0.0;0.0;0.0;0.0;0.0;0.0;0.0;0.0;0.0;0.0;0.0;0.0;0.0;1.0;0.0;0.0;0.0;0.0;0.0;0.0;0.0;0.0;0.0;0.0;0.0;0.0;0.0;0.0;0.0;0.0;0.0;0.0;0.0;0.0;0.0;0.0;0.0;0.0;0.0;2.0;0.0;0.0;0.0;0.0;0.0;0.0;0.0;0.0;1.0;3.0;0.0;0.0;0.0;0.0;0.0;0.0;0.0;0.0;1.0;0.0;0.0;0.0;1.0;3.0;0.0;0.0;1.0;0.0;0.0;0.0;1.0;2.0;1.0;0.0;1.0;0.0;2.0;2.0;0.0;2.0;0.0;2.0;0.0;0.0;0.0;1.0;0.0;0.0;1.0;2.0;0.0;3.0;0.0;1.0;0.0;1.0;0.0;0.0;0.0;4.0;0.0;1.0;2.0;1.0;0.0;3.0;2.0;1.0;2.0;0.0;0.0;1.0;0.0;4.0;0.0;2.0;3.0;18.0;18.0;0.0;0.0;0.0;0.0;0.0;0.0;0.0;0.0;0.0;0.0;0.0
CHEMBL900;0.0;0.0;0.0;0.0;0.0;0.0;0.0;0.0;0.0;0.0;0.0;0.0;0.0;0.0;0.0;0.0;0.0;0.0;0.0;0.0;0.0;0.0;0.0;0.0;0.0;0.0;0.0;0.0;0.0;0.0;0.0;0.0;0.0;0.0;0.0;0.0;0.0;0.0;0.0;0.0;0.0;0.0;0.0;0.0;0.0;0.0;0.0;0.0;0.0;0.0;0.0;0.0;0.0;0.0;0.0;0.0;0.0;0.0;0.0;0.0;0.0;0.0;0.0;0.0;0.0;0.0;0.0;0.0;0.0;0.0;0.0;0.0;0.0;1.0;0.0;0.0;0.0;0.0;0.0;0.0;0.0;0.0;0.0;0.0;1.0;3.0;0.0;0.0;0.0;0.0;0.0;0.0;2.0;0.0;1.0;0.0;0.0;0.0;0.0;1.0;0.0;0.0;0.0;0.0;0.0;0.0;0.0;0.0;1.0;0.0;1.0;0.0;0.0;0.0;2.0;2.0;0.0;2.0;0.0;0.0;0.0;1.0;0.0;0.0;1.0;0.0;0.0;0.0;0.0;1.0;0.0;0.0;0.0;0.0;0.0;2.0;0.0;1.0;3.0;1.0;1.0;2.0;2.0;1.0;3.0;1.0;0.0;1.0;0.0;2.0;0.0;2.0;3.0;12.0;12.0;0.0;0.0;0.0;0.0;0.0;0.0;0.0;0.0;0.0;0.0;0.0
CHEMBL972;0.0;0.0;0.0;0.0;0.0;0.0;0.0;0.0;0.0;0.0;0.0;0.0;0.0;0.0;0.0;0.0;1.0;0.0;0.0;0.0;0.0;0.0;0.0;0.0;0.0;0.0;0.0;0.0;0.0;0.0;0.0;0.0;0.0;0.0;0.0;0.0;0.0;0.0;0.0;0.0;0.0;0.0;0.0;0.0;0.0;0.0;0.0;0.0;0.0;0.0;0.0;0.0;0.0;0.0;0.0;0.0;0.0;0.0;0.0;0.0;0.0;0.0;0.0;0.0;0.0;0.0;0.0;0.0;0.0;0.0;0.0;0.0;0.0;0.0;0.0;0.0;0.0;0.0;0.0;0.0;0.0;0.0;0.0;0.0;1.0;1.0;0.0;0.0;0.0;0.0;0.0;0.0;1.0;0.0;0.0;0.0;0.0;0.0;0.0;1.0;0.0;0.0;0.0;0.0;0.0;0.0;0.0;0.0;0.0;0.0;1.0;0.0;0.0;0.0;2.0;2.0;0.0;0.0;0.0;0.0;0.0;1.0;0.0;0.0;0.0;0.0;0.0;2.0;0.0;0.0;0.0;0.0;0.0;0.0;0.0;1.0;0.0;0.0;2.0;1.0;0.0;1.0;0.0;1.0;2.0;0.0;0.0;0.0;0.0;2.0;1.0;0.0;3.0;6.0;6.0;0.0;0.0;0.0;0.0;0.0;0.0;0.0;0.0;0.0;0.0;0.0
CHEMBL305660;0.0;0.0;0.0;0.0;0.0;0.0;0.0;0.0;0.0;0.0;0.0;0.0;0.0;0.0;0.0;0.0;0.0;0.0;0.0;0.0;0.0;0.0;0.0;0.0;0.0;0.0;0.0;0.0;0.0;0.0;0.0;0.0;0.0;0.0;0.0;0.0;0.0;0.0;0.0;0.0;0.0;0.0;0.0;0.0;0.0;0.0;0.0;0.0;0.0;0.0;0.0;0.0;0.0;0.0;0.0;0.0;0.0;0.0;0.0;0.0;0.0;0.0;0.0;0.0;0.0;1.0;0.0;0.0;0.0;0.0;0.0;0.0;0.0;3.0;2.0;0.0;0.0;0.0;0.0;0.0;0.0;0.0;0.0;0.0;1.0;3.0;0.0;0.0;0.0;0.0;0.0;0.0;0.0;0.0;0.0;0.0;2.0;1.0;0.0;3.0;0.0;0.0;0.0;0.0;0.0;0.0;0.0;0.0;0.0;0.0;3.0;1.0;0.0;0.0;0.0;0.0;0.0;5.0;0.0;1.0;1.0;1.0;0.0;0.0;1.0;2.0;6.0;8.0;0.0;3.0;0.0;0.0;0.0;1.0;1.0;3.0;0.0;2.0;3.0;1.0;0.0;4.0;5.0;1.0;3.0;0.0;0.0;3.0;1.0;3.0;0.0;2.0;3.0;18.0;24.0;0.0;0.0;0.0;0.0;0.0;0.0;0.0;0.0;0.0;0.0;0.0
CHEMBL305906;0.0;0.0;0.0;0.0;0.0;0.0;0.0;0.0;0.0;0.0;0.0;0.0;0.0;0.0;0.0;0.0;0.0;0.0;0.0;0.0;0.0;0.0;0.0;0.0;0.0;0.0;0.0;0.0;0.0;0.0;0.0;0.0;0.0;0.0;0.0;0.0;0.0;0.0;0.0;0.0;0.0;0.0;0.0;0.0;0.0;0.0;0.0;0.0;1.0;0.0;0.0;0.0;0.0;0.0;0.0;0.0;0.0;0.0;0.0;0.0;0.0;0.0;0.0;0.0;2.0;0.0;0.0;0.0;0.0;0.0;0.0;0.0;0.0;0.0;2.0;0.0;0.0;0.0;0.0;0.0;0.0;0.0;0.0;0.0;1.0;0.0;0.0;0.0;0.0;0.0;0.0;0.0;0.0;0.0;0.0;0.0;0.0;1.0;0.0;1.0;0.0;0.0;0.0;0.0;0.0;0.0;0.0;1.0;0.0;0.0;1.0;0.0;0.0;1.0;1.0;1.0;0.0;17.0;0.0;1.0;1.0;1.0;0.0;0.0;0.0;0.0;17.0;17.0;0.0;0.0;0.0;0.0;0.0;0.0;1.0;1.0;0.0;0.0;1.0;1.0;0.0;1.0;17.0;1.0;1.0;0.0;0.0;0.0;0.0;15.0;0.0;0.0;1.0;6.0;6.0;0.0;0.0;0.0;0.0;0.0;0.0;0.0;0.0;0.0;0.0;0.0
CHEMBL964;0.0;0.0;0.0;0.0;0.0;0.0;0.0;0.0;0.0;0.0;0.0;0.0;0.0;1.0;0.0;0.0;0.0;0.0;0.0;0.0;0.0;0.0;0.0;0.0;0.0;0.0;0.0;0.0;0.0;0.0;0.0;0.0;0.0;0.0;0.0;0.0;0.0;0.0;0.0;0.0;0.0;0.0;0.0;0.0;0.0;0.0;4.0;0.0;0.0;0.0;0.0;0.0;0.0;0.0;0.0;0.0;0.0;0.0;0.0;0.0;0.0;0.0;0.0;0.0;0.0;0.0;1.0;0.0;0.0;0.0;0.0;0.0;2.0;0.0;0.0;0.0;0.0;0.0;0.0;0.0;2.0;0.0;0.0;0.0;2.0;2.0;0.0;4.0;0.0;0.0;0.0;0.0;0.0;0.0;0.0;0.0;0.0;0.0;0.0;4.0;0.0;0.0;0.0;0.0;0.0;2.0;0.0;0.0;0.0;0.0;0.0;0.0;0.0;4.0;0.0;4.0;0.0;0.0;0.0;0.0;0.0;2.0;0.0;1.0;0.0;0.0;0.0;0.0;0.0;0.0;0.0;0.0;0.0;0.0;0.0;4.0;0.0;0.0;4.0;2.0;0.0;0.0;0.0;2.0;4.0;0.0;0.0;0.0;0.0;4.0;2.0;0.0;6.0;0.0;0.0;0.0;0.0;0.0;0.0;0.0;0.0;0.0;0.0;0.0;0.0;0.0
CHEMBL1172;0.0;0.0;0.0;0.0;0.0;0.0;0.0;0.0;0.0;0.0;0.0;0.0;0.0;0.0;0.0;0.0;0.0;0.0;1.0;0.0;0.0;0.0;0.0;0.0;0.0;0.0;0.0;0.0;0.0;0.0;0.0;0.0;0.0;0.0;0.0;0.0;0.0;0.0;0.0;0.0;0.0;0.0;0.0;0.0;0.0;0.0;0.0;0.0;0.0;2.0;0.0;0.0;0.0;0.0;0.0;0.0;0.0;0.0;0.0;0.0;0.0;4.0;0.0;0.0;2.0;0.0;0.0;0.0;0.0;0.0;0.0;0.0;0.0;0.0;0.0;2.0;0.0;0.0;0.0;0.0;0.0;2.0;0.0;0.0;0.0;1.0;2.0;0.0;0.0;0.0;1.0;0.0;0.0;0.0;0.0;0.0;0.0;2.0;1.0;2.0;15.0;0.0;1.0;2.0;4.0;0.0;1.0;0.0;0.0;0.0;2.0;0.0;0.0;0.0;0.0;0.0;0.0;4.0;0.0;2.0;2.0;0.0;0.0;0.0;0.0;0.0;2.0;6.0;1.0;0.0;0.0;1.0;0.0;0.0;2.0;2.0;0.0;0.0;0.0;2.0;2.0;3.0;4.0;0.0;0.0;0.0;1.0;0.0;0.0;0.0;1.0;0.0;2.0;12.0;21.0;0.0;0.0;0.0;0.0;0.0;0.0;0.0;0.0;0.0;0.0;0.0
CHEMBL1113;0.0;0.0;0.0;0.0;0.0;0.0;0.0;0.0;0.0;0.0;0.0;0.0;0.0;0.0;0.0;0.0;0.0;0.0;1.0;0.0;0.0;0.0;0.0;0.0;0.0;0.0;0.0;0.0;0.0;0.0;0.0;0.0;0.0;0.0;0.0;0.0;0.0;1.0;0.0;0.0;0.0;0.0;0.0;0.0;0.0;0.0;0.0;0.0;0.0;0.0;0.0;0.0;0.0;0.0;0.0;0.0;1.0;0.0;0.0;0.0;0.0;4.0;0.0;0.0;0.0;0.0;0.0;0.0;0.0;0.0;0.0;0.0;0.0;0.0;2.0;0.0;1.0;1.0;2.0;0.0;0.0;2.0;0.0;0.0;1.0;2.0;2.0;0.0;0.0;0.0;1.0;0.0;0.0;0.0;1.0;0.0;2.0;1.0;0.0;4.0;15.0;0.0;1.0;2.0;4.0;0.0;1.0;0.0;0.0;0.0;2.0;0.0;4.0;0.0;0.0;0.0;0.0;2.0;1.0;4.0;3.0;1.0;0.0;0.0;0.0;0.0;2.0;6.0;1.0;0.0;2.0;1.0;2.0;0.0;4.0;4.0;0.0;1.0;0.0;3.0;2.0;3.0;2.0;1.0;0.0;0.0;1.0;2.0;0.0;0.0;2.0;2.0;6.0;12.0;21.0;0.0;0.0;0.0;0.0;0.0;0.0;0.0;0.0;0.0;0.0;0.0
CHEMBL351200;0.0;0.0;0.0;0.0;0.0;0.0;0.0;0.0;0.0;0.0;0.0;0.0;0.0;0.0;0.0;0.0;0.0;0.0;0.0;0.0;0.0;0.0;0.0;0.0;0.0;0.0;0.0;0.0;0.0;0.0;0.0;0.0;0.0;0.0;0.0;0.0;0.0;1.0;0.0;0.0;0.0;0.0;0.0;0.0;0.0;0.0;0.0;0.0;0.0;0.0;0.0;0.0;0.0;0.0;0.0;0.0;1.0;0.0;0.0;0.0;0.0;0.0;0.0;0.0;5.0;0.0;0.0;0.0;0.0;0.0;0.0;0.0;0.0;0.0;2.0;0.0;1.0;0.0;0.0;1.0;0.0;0.0;1.0;0.0;2.0;3.0;0.0;0.0;0.0;0.0;0.0;1.0;0.0;0.0;0.0;1.0;4.0;3.0;0.0;3.0;23.0;0.0;0.0;0.0;6.0;0.0;0.0;1.0;0.0;1.0;2.0;0.0;2.0;0.0;0.0;1.0;1.0;3.0;0.0;4.0;3.0;2.0;0.0;0.0;0.0;2.0;3.0;7.0;0.0;1.0;0.0;0.0;0.0;1.0;4.0;3.0;0.0;2.0;2.0;3.0;3.0;4.0;3.0;2.0;2.0;2.0;0.0;2.0;1.0;2.0;3.0;0.0;3.0;19.0;23.0;0.0;0.0;0.0;0.0;0.0;0.0;0.0;0.0;0.0;0.0;0.0
CHEMBL351483;0.0;0.0;0.0;0.0;0.0;0.0;0.0;0.0;0.0;0.0;0.0;0.0;0.0;0.0;0.0;0.0;0.0;0.0;0.0;0.0;0.0;0.0;0.0;0.0;0.0;0.0;0.0;0.0;0.0;0.0;0.0;0.0;0.0;0.0;0.0;0.0;0.0;1.0;0.0;0.0;0.0;0.0;0.0;0.0;0.0;0.0;0.0;0.0;0.0;0.0;0.0;0.0;0.0;0.0;0.0;0.0;1.0;0.0;0.0;0.0;0.0;0.0;0.0;0.0;5.0;0.0;0.0;0.0;0.0;0.0;0.0;0.0;0.0;0.0;2.0;0.0;1.0;0.0;0.0;1.0;0.0;0.0;1.0;0.0;2.0;3.0;2.0;0.0;0.0;0.0;0.0;1.0;0.0;0.0;0.0;1.0;4.0;3.0;0.0;3.0;23.0;0.0;1.0;0.0;6.0;0.0;1.0;1.0;0.0;1.0;2.0;0.0;2.0;0.0;0.0;1.0;1.0;3.0;0.0;4.0;3.0;2.0;0.0;0.0;0.0;2.0;3.0;7.0;0.0;1.0;0.0;1.0;0.0;1.0;4.0;3.0;0.0;2.0;1.0;3.0;3.0;4.0;3.0;2.0;1.0;2.0;0.0;2.0;1.0;2.0;3.0;0.0;3.0;19.0;23.0;0.0;0.0;0.0;0.0;0.0;0.0;0.0;0.0;0.0;0.0;0.0
CHEMBL1419;0.0;0.0;0.0;0.0;0.0;0.0;0.0;0.0;0.0;0.0;1.0;0.0;0.0;0.0;0.0;0.0;0.0;0.0;0.0;0.0;0.0;0.0;0.0;0.0;0.0;0.0;0.0;0.0;0.0;0.0;0.0;0.0;0.0;0.0;0.0;0.0;0.0;0.0;0.0;0.0;0.0;0.0;0.0;0.0;0.0;0.0;0.0;0.0;0.0;0.0;0.0;0.0;0.0;0.0;0.0;0.0;0.0;0.0;0.0;0.0;0.0;4.0;0.0;0.0;0.0;1.0;0.0;0.0;0.0;0.0;0.0;0.0;0.0;2.0;0.0;0.0;0.0;0.0;0.0;0.0;0.0;0.0;0.0;0.0;1.0;1.0;2.0;0.0;0.0;0.0;0.0;0.0;2.0;0.0;0.0;0.0;0.0;0.0;0.0;0.0;0.0;0.0;1.0;0.0;0.0;0.0;1.0;4.0;0.0;0.0;1.0;1.0;0.0;0.0;2.0;2.0;0.0;3.0;0.0;0.0;0.0;1.0;0.0;0.0;0.0;0.0;3.0;2.0;0.0;0.0;0.0;1.0;0.0;0.0;0.0;0.0;0.0;0.0;4.0;1.0;0.0;1.0;3.0;1.0;4.0;0.0;0.0;0.0;0.0;1.0;1.0;0.0;3.0;6.0;10.0;0.0;0.0;0.0;0.0;0.0;0.0;0.0;0.0;0.0;0.0;0.0
CHEMBL1479;0.0;0.0;0.0;0.0;0.0;0.0;0.0;0.0;0.0;0.0;0.0;0.0;0.0;0.0;0.0;0.0;1.0;0.0;0.0;0.0;0.0;0.0;0.0;0.0;0.0;1.0;0.0;0.0;0.0;0.0;0.0;0.0;0.0;0.0;0.0;0.0;0.0;0.0;0.0;0.0;0.0;0.0;0.0;0.0;0.0;0.0;0.0;0.0;0.0;1.0;0.0;0.0;0.0;0.0;0.0;0.0;1.0;0.0;0.0;0.0;0.0;0.0;0.0;0.0;1.0;3.0;0.0;0.0;0.0;0.0;1.0;0.0;0.0;0.0;0.0;1.0;0.0;0.0;0.0;0.0;0.0;0.0;1.0;0.0;0.0;0.0;0.0;0.0;0.0;1.0;1.0;0.0;0.0;1.0;0.0;2.0;1.0;0.0;1.0;0.0;20.0;1.0;0.0;1.0;8.0;0.0;0.0;5.0;0.0;0.0;0.0;3.0;0.0;0.0;2.0;2.0;0.0;6.0;0.0;2.0;1.0;0.0;0.0;1.0;0.0;2.0;13.0;7.0;1.0;1.0;0.0;0.0;0.0;0.0;2.0;0.0;1.0;2.0;2.0;1.0;1.0;3.0;6.0;0.0;2.0;2.0;0.0;4.0;0.0;0.0;0.0;1.0;0.0;5.0;20.0;0.0;0.0;0.0;0.0;0.0;0.0;0.0;0.0;0.0;0.0;0.0
CHEMBL134;0.0;0.0;0.0;0.0;0.0;0.0;0.0;0.0;0.0;0.0;0.0;0.0;0.0;0.0;0.0;0.0;0.0;0.0;0.0;0.0;0.0;0.0;0.0;0.0;1.0;0.0;0.0;0.0;0.0;0.0;0.0;0.0;0.0;0.0;0.0;0.0;0.0;0.0;0.0;0.0;0.0;0.0;1.0;0.0;0.0;0.0;0.0;0.0;0.0;0.0;0.0;0.0;0.0;0.0;0.0;0.0;0.0;0.0;0.0;0.0;0.0;0.0;0.0;0.0;0.0;0.0;0.0;0.0;0.0;0.0;0.0;0.0;0.0;0.0;0.0;0.0;3.0;1.0;1.0;0.0;0.0;1.0;1.0;0.0;0.0;0.0;4.0;0.0;0.0;2.0;2.0;0.0;0.0;0.0;0.0;1.0;0.0;0.0;0.0;2.0;0.0;0.0;2.0;1.0;0.0;1.0;2.0;0.0;0.0;0.0;1.0;0.0;0.0;0.0;0.0;0.0;0.0;2.0;1.0;2.0;2.0;0.0;0.0;0.0;0.0;0.0;0.0;0.0;2.0;0.0;4.0;2.0;2.0;0.0;2.0;2.0;0.0;0.0;0.0;3.0;2.0;1.0;2.0;0.0;0.0;2.0;2.0;0.0;0.0;0.0;2.0;0.0;5.0;6.0;11.0;0.0;0.0;0.0;0.0;0.0;0.0;0.0;0.0;0.0;0.0;0.0
CHEMBL493;0.0;0.0;0.0;0.0;0.0;0.0;0.0;0.0;0.0;0.0;0.0;0.0;0.0;0.0;0.0;0.0;0.0;0.0;0.0;0.0;0.0;0.0;1.0;0.0;0.0;1.0;0.0;0.0;0.0;0.0;0.0;0.0;0.0;0.0;0.0;0.0;0.0;0.0;0.0;0.0;0.0;0.0;0.0;0.0;0.0;1.0;0.0;0.0;0.0;1.0;0.0;0.0;1.0;0.0;0.0;0.0;1.0;0.0;0.0;0.0;0.0;0.0;0.0;0.0;2.0;0.0;0.0;0.0;0.0;0.0;0.0;1.0;0.0;2.0;2.0;1.0;0.0;0.0;3.0;2.0;0.0;0.0;3.0;0.0;3.0;1.0;2.0;0.0;3.0;3.0;2.0;7.0;1.0;0.0;5.0;3.0;2.0;2.0;1.0;2.0;28.0;0.0;0.0;0.0;10.0;1.0;1.0;0.0;0.0;6.0;4.0;2.0;0.0;0.0;3.0;1.0;6.0;4.0;0.0;5.0;4.0;3.0;1.0;0.0;0.0;7.0;2.0;3.0;3.0;0.0;2.0;1.0;0.0;3.0;5.0;2.0;1.0;5.0;5.0;5.0;1.0;4.0;4.0;3.0;5.0;3.0;2.0;1.0;3.0;1.0;14.0;3.0;11.0;9.0;28.0;0.0;0.0;0.0;0.0;0.0;0.0;0.0;0.0;0.0;0.0;0.0
CHEMBL434063;0.0;0.0;0.0;0.0;0.0;0.0;0.0;0.0;0.0;0.0;0.0;0.0;0.0;0.0;0.0;0.0;0.0;0.0;0.0;0.0;0.0;0.0;0.0;0.0;0.0;0.0;0.0;0.0;0.0;0.0;0.0;0.0;0.0;0.0;0.0;0.0;0.0;1.0;0.0;0.0;0.0;0.0;0.0;0.0;0.0;0.0;0.0;0.0;0.0;0.0;0.0;0.0;0.0;1.0;0.0;0.0;0.0;0.0;0.0;0.0;0.0;0.0;0.0;0.0;2.0;0.0;0.0;0.0;0.0;0.0;0.0;0.0;0.0;0.0;0.0;0.0;1.0;0.0;0.0;0.0;0.0;0.0;0.0;0.0;1.0;1.0;0.0;0.0;0.0;1.0;0.0;0.0;1.0;0.0;3.0;0.0;1.0;1.0;0.0;1.0;0.0;0.0;0.0;1.0;0.0;0.0;0.0;0.0;1.0;0.0;2.0;0.0;2.0;0.0;1.0;1.0;0.0;2.0;0.0;1.0;1.0;1.0;1.0;0.0;1.0;2.0;0.0;0.0;2.0;1.0;4.0;0.0;4.0;2.0;1.0;2.0;1.0;4.0;1.0;3.0;1.0;4.0;2.0;1.0;1.0;1.0;1.0;2.0;2.0;3.0;3.0;3.0;5.0;24.0;24.0;0.0;0.0;0.0;0.0;0.0;0.0;0.0;0.0;0.0;0.0;0.0
CHEMBL611;0.0;0.0;0.0;0.0;0.0;0.0;0.0;0.0;0.0;0.0;0.0;0.0;0.0;0.0;0.0;0.0;0.0;0.0;0.0;0.0;0.0;0.0;0.0;0.0;1.0;0.0;0.0;0.0;0.0;0.0;0.0;0.0;0.0;0.0;0.0;0.0;0.0;1.0;0.0;0.0;0.0;0.0;1.0;0.0;0.0;0.0;0.0;0.0;0.0;0.0;0.0;0.0;0.0;0.0;0.0;0.0;1.0;0.0;0.0;0.0;0.0;4.0;0.0;0.0;4.0;0.0;0.0;0.0;0.0;0.0;0.0;2.0;0.0;0.0;4.0;0.0;4.0;1.0;2.0;4.0;0.0;0.0;1.0;0.0;2.0;2.0;0.0;0.0;0.0;1.0;1.0;1.0;2.0;0.0;1.0;1.0;1.0;2.0;0.0;4.0;10.0;0.0;0.0;0.0;2.0;1.0;0.0;0.0;1.0;1.0;2.0;0.0;4.0;0.0;0.0;0.0;1.0;6.0;1.0;5.0;4.0;2.0;0.0;0.0;2.0;4.0;5.0;7.0;2.0;2.0;4.0;0.0;4.0;1.0;5.0;5.0;0.0;4.0;2.0;5.0;1.0;3.0;6.0;2.0;2.0;1.0;2.0;3.0;1.0;0.0;4.0;6.0;6.0;10.0;21.0;0.0;0.0;0.0;0.0;0.0;0.0;0.0;0.0;0.0;0.0;0.0
CHEMBL459265;0.0;0.0;0.0;0.0;0.0;0.0;0.0;0.0;0.0;0.0;0.0;0.0;0.0;0.0;0.0;0.0;0.0;0.0;0.0;0.0;0.0;0.0;0.0;0.0;0.0;0.0;0.0;0.0;0.0;0.0;0.0;0.0;0.0;0.0;0.0;0.0;0.0;0.0;0.0;0.0;0.0;0.0;0.0;0.0;0.0;0.0;0.0;0.0;1.0;2.0;0.0;0.0;0.0;0.0;0.0;0.0;0.0;0.0;0.0;0.0;0.0;0.0;0.0;0.0;0.0;0.0;0.0;0.0;0.0;0.0;0.0;0.0;0.0;3.0;0.0;2.0;0.0;1.0;0.0;0.0;0.0;0.0;0.0;0.0;3.0;3.0;0.0;0.0;0.0;0.0;0.0;0.0;6.0;0.0;0.0;0.0;0.0;0.0;3.0;0.0;0.0;0.0;0.0;0.0;0.0;0.0;0.0;0.0;0.0;0.0;0.0;0.0;0.0;0.0;0.0;0.0;0.0;0.0;1.0;0.0;0.0;3.0;0.0;0.0;0.0;0.0;0.0;0.0;0.0;0.0;6.0;0.0;4.0;0.0;0.0;0.0;0.0;0.0;6.0;3.0;0.0;3.0;0.0;3.0;6.0;0.0;0.0;0.0;0.0;0.0;3.0;0.0;8.0;12.0;18.0;0.0;0.0;0.0;0.0;0.0;0.0;0.0;0.0;0.0;0.0;0.0
CHEMBL461571;0.0;0.0;0.0;0.0;0.0;0.0;0.0;0.0;0.0;0.0;0.0;0.0;0.0;0.0;0.0;0.0;0.0;0.0;0.0;0.0;0.0;0.0;0.0;0.0;0.0;0.0;0.0;0.0;0.0;0.0;0.0;0.0;0.0;0.0;0.0;0.0;0.0;0.0;0.0;0.0;0.0;3.0;0.0;0.0;0.0;0.0;0.0;0.0;0.0;0.0;0.0;0.0;0.0;0.0;0.0;0.0;0.0;0.0;0.0;0.0;0.0;0.0;0.0;0.0;2.0;0.0;0.0;0.0;0.0;0.0;0.0;2.0;0.0;0.0;2.0;0.0;0.0;0.0;0.0;0.0;0.0;0.0;1.0;0.0;1.0;0.0;2.0;0.0;0.0;0.0;0.0;0.0;0.0;0.0;0.0;1.0;2.0;0.0;0.0;1.0;9.0;0.0;1.0;0.0;2.0;4.0;5.0;0.0;0.0;0.0;0.0;1.0;4.0;0.0;0.0;1.0;0.0;0.0;0.0;1.0;1.0;1.0;1.0;0.0;2.0;4.0;0.0;0.0;1.0;0.0;0.0;4.0;0.0;2.0;1.0;1.0;1.0;5.0;2.0;1.0;2.0;3.0;0.0;1.0;2.0;2.0;0.0;4.0;2.0;1.0;2.0;5.0;1.0;21.0;21.0;0.0;0.0;0.0;0.0;0.0;0.0;0.0;0.0;0.0;0.0;0.0
CHEMBL475306;0.0;0.0;0.0;0.0;0.0;0.0;0.0;0.0;0.0;0.0;0.0;0.0;0.0;0.0;0.0;0.0;0.0;0.0;0.0;0.0;0.0;0.0;0.0;0.0;1.0;0.0;0.0;0.0;0.0;0.0;0.0;0.0;0.0;0.0;0.0;0.0;0.0;2.0;0.0;0.0;0.0;0.0;0.0;0.0;0.0;0.0;0.0;0.0;0.0;0.0;0.0;1.0;0.0;0.0;0.0;0.0;0.0;0.0;0.0;0.0;0.0;4.0;0.0;0.0;7.0;0.0;0.0;0.0;0.0;0.0;0.0;0.0;0.0;0.0;0.0;0.0;5.0;0.0;3.0;7.0;0.0;0.0;1.0;0.0;1.0;3.0;0.0;0.0;0.0;0.0;0.0;0.0;3.0;1.0;2.0;1.0;0.0;1.0;0.0;2.0;9.0;0.0;0.0;0.0;2.0;1.0;0.0;0.0;2.0;0.0;2.0;0.0;2.0;0.0;2.0;2.0;0.0;3.0;0.0;4.0;4.0;2.0;0.0;1.0;3.0;2.0;2.0;4.0;0.0;2.0;2.0;0.0;2.0;0.0;4.0;4.0;0.0;3.0;6.0;5.0;2.0;2.0;3.0;2.0;6.0;2.0;0.0;1.0;0.0;4.0;5.0;6.0;3.0;15.0;15.0;0.0;0.0;0.0;0.0;0.0;0.0;0.0;0.0;0.0;0.0;0.0
CHEMBL483993;0.0;0.0;0.0;0.0;0.0;0.0;0.0;0.0;0.0;0.0;0.0;0.0;0.0;0.0;0.0;0.0;0.0;0.0;0.0;0.0;0.0;0.0;0.0;0.0;1.0;0.0;0.0;0.0;0.0;0.0;0.0;0.0;0.0;0.0;0.0;0.0;0.0;2.0;0.0;0.0;0.0;0.0;0.0;0.0;0.0;0.0;0.0;0.0;0.0;0.0;0.0;1.0;0.0;0.0;0.0;0.0;0.0;0.0;0.0;0.0;0.0;4.0;0.0;0.0;7.0;0.0;0.0;0.0;0.0;0.0;0.0;0.0;0.0;0.0;0.0;0.0;5.0;0.0;3.0;7.0;0.0;0.0;1.0;0.0;1.0;3.0;0.0;0.0;0.0;0.0;0.0;0.0;3.0;1.0;2.0;1.0;0.0;1.0;0.0;2.0;9.0;0.0;0.0;0.0;2.0;1.0;0.0;0.0;2.0;0.0;2.0;0.0;2.0;0.0;2.0;2.0;0.0;3.0;0.0;4.0;4.0;2.0;0.0;1.0;3.0;2.0;2.0;4.0;0.0;2.0;2.0;0.0;2.0;0.0;4.0;4.0;0.0;3.0;7.0;5.0;3.0;2.0;3.0;2.0;7.0;3.0;0.0;1.0;0.0;4.0;5.0;6.0;3.0;15.0;15.0;0.0;0.0;0.0;0.0;0.0;0.0;0.0;0.0;0.0;0.0;0.0
CHEMBL484158;0.0;0.0;0.0;0.0;0.0;0.0;0.0;0.0;0.0;0.0;0.0;0.0;0.0;0.0;0.0;0.0;0.0;0.0;0.0;0.0;0.0;0.0;0.0;0.0;1.0;0.0;0.0;0.0;0.0;0.0;0.0;0.0;0.0;0.0;0.0;0.0;0.0;2.0;0.0;0.0;0.0;1.0;0.0;0.0;0.0;0.0;0.0;0.0;0.0;0.0;0.0;1.0;0.0;0.0;0.0;0.0;0.0;0.0;0.0;0.0;0.0;4.0;0.0;0.0;7.0;0.0;0.0;0.0;0.0;0.0;0.0;0.0;0.0;0.0;0.0;0.0;5.0;0.0;3.0;7.0;0.0;0.0;1.0;0.0;0.0;0.0;4.0;0.0;0.0;0.0;0.0;0.0;1.0;1.0;0.0;1.0;0.0;1.0;0.0;0.0;9.0;0.0;1.0;2.0;2.0;1.0;2.0;0.0;0.0;0.0;2.0;0.0;2.0;2.0;0.0;2.0;0.0;0.0;0.0;4.0;4.0;1.0;0.0;1.0;1.0;2.0;0.0;0.0;1.0;0.0;2.0;2.0;2.0;0.0;4.0;0.0;0.0;1.0;5.0;5.0;3.0;2.0;0.0;1.0;5.0;3.0;1.0;1.0;0.0;2.0;6.0;2.0;2.0;15.0;15.0;0.0;0.0;0.0;0.0;0.0;0.0;0.0;0.0;0.0;0.0;0.0
CHEMBL508112;0.0;0.0;0.0;0.0;0.0;0.0;0.0;0.0;0.0;0.0;0.0;0.0;0.0;1.0;0.0;0.0;0.0;0.0;0.0;0.0;0.0;0.0;0.0;0.0;0.0;0.0;0.0;0.0;0.0;0.0;0.0;0.0;0.0;0.0;0.0;2.0;0.0;0.0;0.0;0.0;0.0;0.0;0.0;0.0;0.0;0.0;4.0;0.0;0.0;0.0;0.0;0.0;0.0;0.0;0.0;0.0;0.0;0.0;4.0;0.0;0.0;0.0;0.0;4.0;4.0;0.0;1.0;0.0;0.0;0.0;0.0;0.0;0.0;0.0;0.0;0.0;0.0;0.0;0.0;0.0;4.0;0.0;2.0;0.0;0.0;0.0;0.0;4.0;0.0;0.0;0.0;0.0;0.0;0.0;0.0;2.0;0.0;0.0;0.0;0.0;18.0;0.0;0.0;0.0;4.0;2.0;0.0;0.0;0.0;0.0;0.0;0.0;0.0;0.0;0.0;0.0;0.0;0.0;0.0;4.0;2.0;0.0;0.0;1.0;0.0;0.0;0.0;0.0;0.0;0.0;0.0;0.0;0.0;0.0;4.0;0.0;0.0;0.0;0.0;2.0;0.0;2.0;0.0;0.0;0.0;0.0;0.0;0.0;0.0;0.0;4.0;0.0;0.0;18.0;18.0;0.0;0.0;0.0;0.0;0.0;0.0;0.0;0.0;0.0;0.0;0.0
CHEMBL1626;0.0;0.0;0.0;0.0;0.0;0.0;0.0;0.0;0.0;0.0;0.0;0.0;0.0;0.0;0.0;0.0;0.0;0.0;0.0;0.0;0.0;0.0;0.0;0.0;0.0;0.0;0.0;0.0;0.0;0.0;0.0;0.0;0.0;0.0;0.0;0.0;0.0;0.0;0.0;0.0;0.0;0.0;0.0;0.0;0.0;0.0;0.0;0.0;0.0;0.0;0.0;0.0;0.0;0.0;0.0;0.0;0.0;0.0;0.0;0.0;0.0;0.0;0.0;0.0;0.0;1.0;0.0;0.0;0.0;0.0;0.0;0.0;0.0;0.0;2.0;0.0;0.0;0.0;0.0;0.0;0.0;0.0;1.0;0.0;1.0;1.0;2.0;0.0;0.0;0.0;0.0;0.0;1.0;0.0;0.0;1.0;1.0;0.0;0.0;1.0;0.0;0.0;1.0;0.0;0.0;0.0;1.0;3.0;1.0;0.0;3.0;1.0;0.0;0.0;1.0;2.0;0.0;5.0;0.0;1.0;1.0;1.0;0.0;0.0;1.0;0.0;6.0;4.0;0.0;1.0;0.0;1.0;0.0;0.0;1.0;2.0;0.0;1.0;2.0;1.0;0.0;2.0;5.0;1.0;2.0;1.0;0.0;3.0;0.0;2.0;1.0;2.0;3.0;12.0;17.0;0.0;0.0;0.0;0.0;0.0;0.0;0.0;0.0;0.0;0.0;0.0
CHEMBL506214;0.0;0.0;0.0;0.0;0.0;0.0;0.0;0.0;0.0;0.0;0.0;0.0;0.0;0.0;0.0;0.0;0.0;0.0;0.0;0.0;0.0;0.0;0.0;0.0;1.0;0.0;0.0;0.0;0.0;0.0;0.0;0.0;0.0;0.0;0.0;0.0;0.0;2.0;0.0;0.0;0.0;0.0;0.0;0.0;0.0;0.0;0.0;0.0;0.0;0.0;0.0;1.0;0.0;0.0;0.0;0.0;0.0;0.0;0.0;0.0;0.0;4.0;0.0;0.0;7.0;0.0;0.0;0.0;0.0;0.0;0.0;0.0;0.0;0.0;0.0;0.0;5.0;1.0;3.0;7.0;0.0;0.0;1.0;0.0;0.0;0.0;0.0;0.0;1.0;0.0;1.0;0.0;2.0;1.0;0.0;1.0;0.0;1.0;0.0;0.0;9.0;0.0;0.0;0.0;2.0;1.0;0.0;0.0;0.0;0.0;1.0;0.0;4.0;1.0;1.0;0.0;0.0;0.0;1.0;4.0;4.0;1.0;0.0;1.0;2.0;4.0;0.0;0.0;1.0;0.0;2.0;0.0;2.0;0.0;4.0;0.0;0.0;2.0;7.0;5.0;3.0;2.0;0.0;1.0;7.0;3.0;1.0;2.0;0.0;1.0;6.0;4.0;1.0;15.0;15.0;0.0;0.0;0.0;0.0;0.0;0.0;0.0;0.0;0.0;0.0;0.0
CHEMBL1732;0.0;0.0;0.0;0.0;0.0;0.0;0.0;0.0;0.0;0.0;0.0;0.0;0.0;0.0;0.0;0.0;0.0;0.0;0.0;0.0;0.0;0.0;1.0;0.0;0.0;0.0;0.0;0.0;0.0;0.0;0.0;0.0;0.0;0.0;0.0;0.0;0.0;0.0;0.0;0.0;0.0;0.0;0.0;0.0;0.0;0.0;0.0;0.0;0.0;0.0;0.0;0.0;1.0;0.0;0.0;0.0;1.0;0.0;0.0;0.0;0.0;0.0;0.0;0.0;2.0;0.0;0.0;0.0;0.0;0.0;0.0;1.0;0.0;0.0;2.0;0.0;0.0;0.0;3.0;2.0;0.0;0.0;3.0;0.0;3.0;1.0;0.0;0.0;3.0;3.0;2.0;7.0;1.0;0.0;5.0;3.0;2.0;2.0;0.0;2.0;28.0;0.0;0.0;0.0;10.0;1.0;0.0;2.0;0.0;6.0;4.0;2.0;0.0;0.0;1.0;1.0;6.0;4.0;0.0;5.0;4.0;3.0;1.0;0.0;0.0;7.0;3.0;3.0;3.0;0.0;2.0;0.0;0.0;3.0;5.0;2.0;1.0;5.0;2.0;5.0;0.0;5.0;4.0;3.0;2.0;3.0;2.0;1.0;3.0;1.0;13.0;3.0;11.0;15.0;34.0;0.0;0.0;0.0;0.0;0.0;0.0;0.0;0.0;0.0;0.0;0.0
CHEMBL1729;0.0;0.0;0.0;0.0;0.0;0.0;0.0;0.0;0.0;0.0;0.0;0.0;0.0;0.0;0.0;0.0;0.0;0.0;0.0;0.0;0.0;0.0;0.0;0.0;0.0;0.0;0.0;0.0;0.0;0.0;0.0;0.0;0.0;0.0;0.0;0.0;0.0;0.0;0.0;0.0;0.0;1.0;0.0;0.0;0.0;0.0;0.0;0.0;0.0;0.0;0.0;0.0;0.0;0.0;0.0;0.0;0.0;0.0;0.0;0.0;0.0;0.0;0.0;0.0;0.0;0.0;0.0;0.0;0.0;0.0;0.0;0.0;0.0;0.0;2.0;0.0;0.0;0.0;0.0;2.0;0.0;0.0;0.0;1.0;1.0;3.0;4.0;0.0;1.0;1.0;0.0;1.0;2.0;0.0;2.0;0.0;3.0;1.0;0.0;3.0;0.0;0.0;1.0;1.0;0.0;0.0;2.0;1.0;1.0;1.0;3.0;0.0;4.0;0.0;0.0;1.0;1.0;5.0;0.0;1.0;1.0;1.0;0.0;0.0;3.0;6.0;6.0;7.0;2.0;2.0;4.0;2.0;2.0;1.0;1.0;4.0;0.0;4.0;2.0;3.0;2.0;3.0;5.0;1.0;2.0;3.0;2.0;3.0;1.0;3.0;3.0;6.0;6.0;12.0;18.0;0.0;0.0;0.0;0.0;0.0;0.0;0.0;0.0;0.0;0.0;0.0
CHEMBL595449;0.0;0.0;0.0;0.0;0.0;0.0;0.0;0.0;0.0;0.0;0.0;0.0;0.0;0.0;0.0;0.0;0.0;0.0;0.0;0.0;0.0;0.0;0.0;0.0;0.0;0.0;0.0;0.0;0.0;0.0;0.0;0.0;0.0;0.0;0.0;0.0;0.0;2.0;0.0;0.0;0.0;0.0;0.0;0.0;0.0;0.0;0.0;0.0;0.0;0.0;0.0;1.0;0.0;0.0;0.0;0.0;0.0;0.0;0.0;0.0;0.0;8.0;0.0;0.0;4.0;1.0;0.0;0.0;0.0;0.0;0.0;0.0;0.0;4.0;2.0;0.0;2.0;0.0;4.0;2.0;0.0;0.0;1.0;0.0;1.0;3.0;0.0;0.0;0.0;0.0;0.0;0.0;2.0;1.0;0.0;1.0;1.0;0.0;0.0;1.0;0.0;0.0;0.0;0.0;0.0;0.0;0.0;0.0;0.0;0.0;2.0;1.0;2.0;0.0;2.0;0.0;0.0;0.0;0.0;3.0;3.0;2.0;0.0;1.0;0.0;2.0;0.0;0.0;1.0;0.0;2.0;0.0;2.0;0.0;3.0;1.0;1.0;1.0;5.0;4.0;1.0;2.0;0.0;2.0;5.0;1.0;0.0;1.0;0.0;1.0;4.0;1.0;4.0;17.0;17.0;0.0;0.0;0.0;0.0;0.0;0.0;0.0;0.0;0.0;0.0;0.0
CHEMBL601773;0.0;0.0;0.0;0.0;0.0;0.0;0.0;0.0;0.0;0.0;0.0;0.0;0.0;0.0;0.0;0.0;0.0;0.0;0.0;0.0;0.0;0.0;1.0;0.0;0.0;0.0;0.0;0.0;0.0;0.0;0.0;0.0;0.0;0.0;0.0;0.0;0.0;0.0;0.0;0.0;0.0;0.0;0.0;0.0;0.0;0.0;0.0;0.0;0.0;0.0;0.0;0.0;1.0;0.0;0.0;0.0;1.0;0.0;0.0;0.0;0.0;0.0;0.0;0.0;2.0;0.0;0.0;0.0;0.0;0.0;0.0;1.0;0.0;1.0;2.0;0.0;0.0;0.0;3.0;2.0;0.0;0.0;3.0;0.0;3.0;1.0;0.0;0.0;3.0;3.0;2.0;7.0;1.0;0.0;5.0;3.0;2.0;2.0;0.0;2.0;28.0;0.0;0.0;0.0;10.0;1.0;0.0;2.0;0.0;6.0;4.0;2.0;0.0;0.0;1.0;1.0;6.0;4.0;0.0;5.0;4.0;3.0;1.0;0.0;0.0;7.0;3.0;3.0;3.0;0.0;2.0;0.0;0.0;3.0;5.0;2.0;1.0;5.0;3.0;5.0;0.0;5.0;4.0;3.0;3.0;3.0;2.0;1.0;3.0;1.0;13.0;3.0;11.0;15.0;34.0;0.0;0.0;0.0;0.0;0.0;0.0;0.0;0.0;0.0;0.0;0.0
CHEMBL1083787;0.0;0.0;0.0;0.0;0.0;0.0;0.0;0.0;0.0;0.0;0.0;0.0;0.0;0.0;0.0;0.0;0.0;0.0;0.0;0.0;0.0;0.0;0.0;0.0;0.0;0.0;0.0;0.0;0.0;0.0;0.0;0.0;0.0;0.0;0.0;0.0;1.0;0.0;0.0;0.0;0.0;1.0;1.0;0.0;0.0;0.0;0.0;0.0;0.0;0.0;0.0;0.0;0.0;0.0;0.0;0.0;0.0;0.0;0.0;0.0;0.0;4.0;0.0;0.0;2.0;0.0;0.0;0.0;0.0;0.0;0.0;0.0;0.0;0.0;2.0;0.0;1.0;0.0;1.0;0.0;0.0;1.0;0.0;0.0;1.0;3.0;2.0;0.0;0.0;2.0;2.0;0.0;0.0;0.0;0.0;0.0;0.0;2.0;0.0;4.0;0.0;0.0;0.0;1.0;0.0;1.0;1.0;0.0;0.0;2.0;4.0;0.0;0.0;0.0;0.0;0.0;2.0;11.0;0.0;2.0;2.0;1.0;0.0;0.0;0.0;0.0;7.0;9.0;2.0;0.0;2.0;1.0;2.0;1.0;2.0;4.0;0.0;1.0;0.0;4.0;0.0;3.0;11.0;1.0;0.0;0.0;2.0;0.0;1.0;4.0;3.0;0.0;7.0;12.0;18.0;0.0;0.0;0.0;0.0;0.0;0.0;0.0;0.0;0.0;0.0;0.0
CHEMBL1082723;0.0;0.0;0.0;0.0;0.0;0.0;0.0;0.0;0.0;0.0;0.0;0.0;0.0;0.0;0.0;0.0;0.0;0.0;0.0;0.0;0.0;0.0;0.0;0.0;0.0;0.0;0.0;0.0;0.0;0.0;0.0;0.0;0.0;0.0;0.0;0.0;0.0;0.0;0.0;0.0;0.0;1.0;0.0;0.0;0.0;0.0;0.0;0.0;0.0;0.0;0.0;0.0;1.0;2.0;0.0;0.0;0.0;0.0;0.0;0.0;0.0;0.0;0.0;0.0;2.0;1.0;0.0;0.0;0.0;0.0;0.0;0.0;0.0;0.0;0.0;0.0;0.0;1.0;2.0;2.0;0.0;0.0;2.0;0.0;0.0;0.0;6.0;0.0;0.0;1.0;2.0;1.0;0.0;0.0;1.0;2.0;1.0;1.0;0.0;0.0;21.0;0.0;2.0;1.0;10.0;0.0;3.0;0.0;0.0;1.0;1.0;1.0;0.0;0.0;1.0;0.0;1.0;0.0;1.0;3.0;3.0;0.0;0.0;0.0;0.0;2.0;0.0;0.0;3.0;0.0;0.0;3.0;2.0;0.0;3.0;0.0;1.0;1.0;1.0;3.0;3.0;3.0;0.0;0.0;1.0;1.0;2.0;0.0;0.0;0.0;8.0;1.0;3.0;15.0;21.0;0.0;0.0;0.0;0.0;0.0;0.0;0.0;0.0;0.0;0.0;0.0
CHEMBL1076211;0.0;0.0;0.0;0.0;0.0;0.0;0.0;0.0;0.0;0.0;0.0;0.0;0.0;0.0;0.0;0.0;0.0;0.0;0.0;0.0;0.0;0.0;0.0;0.0;0.0;0.0;0.0;0.0;0.0;0.0;0.0;0.0;0.0;0.0;0.0;0.0;0.0;0.0;0.0;0.0;0.0;0.0;0.0;0.0;0.0;0.0;0.0;0.0;0.0;0.0;0.0;0.0;0.0;0.0;0.0;0.0;0.0;0.0;0.0;0.0;0.0;0.0;0.0;0.0;0.0;0.0;0.0;0.0;0.0;0.0;0.0;0.0;0.0;0.0;2.0;0.0;0.0;0.0;0.0;0.0;0.0;0.0;0.0;0.0;1.0;3.0;0.0;0.0;0.0;0.0;0.0;0.0;0.0;0.0;0.0;0.0;1.0;1.0;0.0;3.0;0.0;0.0;0.0;0.0;0.0;0.0;0.0;2.0;0.0;0.0;2.0;0.0;0.0;0.0;1.0;0.0;0.0;6.0;0.0;1.0;1.0;1.0;0.0;0.0;0.0;0.0;5.0;7.0;0.0;0.0;0.0;0.0;0.0;1.0;1.0;3.0;0.0;1.0;2.0;1.0;0.0;2.0;6.0;1.0;2.0;0.0;0.0;1.0;1.0;1.0;0.0;0.0;3.0;6.0;12.0;0.0;0.0;0.0;0.0;0.0;0.0;0.0;0.0;0.0;0.0;0.0
CHEMBL1200406;0.0;0.0;0.0;0.0;0.0;0.0;0.0;0.0;0.0;0.0;0.0;0.0;0.0;0.0;0.0;0.0;0.0;0.0;0.0;0.0;0.0;0.0;0.0;0.0;0.0;0.0;0.0;0.0;0.0;0.0;0.0;0.0;0.0;0.0;0.0;0.0;0.0;0.0;0.0;0.0;0.0;0.0;0.0;0.0;0.0;0.0;0.0;0.0;0.0;0.0;0.0;0.0;0.0;0.0;0.0;0.0;0.0;0.0;0.0;0.0;0.0;0.0;0.0;0.0;0.0;0.0;0.0;0.0;0.0;0.0;0.0;0.0;0.0;1.0;0.0;0.0;0.0;0.0;0.0;0.0;0.0;0.0;0.0;0.0;1.0;3.0;0.0;0.0;0.0;0.0;0.0;0.0;2.0;0.0;1.0;0.0;0.0;0.0;0.0;1.0;0.0;0.0;0.0;0.0;0.0;0.0;0.0;0.0;1.0;0.0;1.0;0.0;0.0;0.0;2.0;2.0;0.0;2.0;0.0;0.0;0.0;1.0;0.0;0.0;1.0;0.0;0.0;0.0;0.0;1.0;0.0;0.0;0.0;0.0;0.0;2.0;0.0;1.0;2.0;1.0;0.0;2.0;2.0;1.0;2.0;0.0;0.0;1.0;0.0;2.0;0.0;2.0;3.0;12.0;12.0;0.0;0.0;0.0;0.0;0.0;0.0;0.0;0.0;0.0;0.0;0.0
CHEMBL1182210;0.0;0.0;0.0;0.0;0.0;0.0;0.0;0.0;0.0;0.0;0.0;0.0;0.0;0.0;0.0;0.0;0.0;0.0;0.0;0.0;0.0;0.0;0.0;0.0;0.0;0.0;0.0;0.0;0.0;1.0;0.0;0.0;0.0;0.0;0.0;0.0;0.0;0.0;0.0;0.0;0.0;0.0;0.0;0.0;0.0;0.0;0.0;0.0;1.0;0.0;0.0;0.0;0.0;0.0;0.0;0.0;0.0;0.0;0.0;0.0;0.0;0.0;0.0;0.0;0.0;2.0;0.0;0.0;0.0;0.0;0.0;1.0;0.0;5.0;0.0;0.0;0.0;0.0;0.0;0.0;0.0;0.0;0.0;0.0;4.0;7.0;0.0;0.0;0.0;0.0;0.0;0.0;2.0;0.0;1.0;0.0;0.0;0.0;0.0;2.0;0.0;0.0;0.0;0.0;0.0;0.0;0.0;0.0;3.0;0.0;1.0;3.0;2.0;0.0;9.0;2.0;0.0;3.0;0.0;0.0;0.0;4.0;0.0;0.0;2.0;2.0;2.0;6.0;0.0;2.0;0.0;0.0;0.0;0.0;0.0;5.0;0.0;2.0;7.0;1.0;0.0;2.0;3.0;4.0;7.0;0.0;0.0;1.0;0.0;6.0;0.0;4.0;4.0;12.0;12.0;0.0;0.0;0.0;0.0;0.0;0.0;0.0;0.0;0.0;0.0;0.0
CHEMBL1201216;0.0;0.0;0.0;0.0;0.0;0.0;0.0;0.0;0.0;0.0;0.0;0.0;0.0;0.0;0.0;0.0;0.0;0.0;0.0;0.0;0.0;0.0;0.0;0.0;0.0;0.0;0.0;0.0;0.0;0.0;0.0;0.0;0.0;0.0;0.0;0.0;0.0;2.0;0.0;0.0;0.0;0.0;0.0;0.0;0.0;0.0;0.0;0.0;0.0;0.0;0.0;1.0;0.0;0.0;0.0;0.0;0.0;0.0;0.0;0.0;0.0;4.0;0.0;0.0;4.0;0.0;0.0;0.0;0.0;0.0;0.0;0.0;0.0;0.0;4.0;0.0;2.0;0.0;4.0;3.0;0.0;0.0;1.0;0.0;3.0;4.0;0.0;0.0;0.0;0.0;0.0;0.0;0.0;1.0;0.0;1.0;0.0;2.0;0.0;6.0;9.0;0.0;0.0;0.0;2.0;0.0;0.0;2.0;0.0;0.0;8.0;0.0;0.0;0.0;0.0;0.0;0.0;9.0;0.0;5.0;5.0;3.0;0.0;1.0;0.0;0.0;6.0;13.0;0.0;0.0;2.0;0.0;2.0;0.0;5.0;6.0;0.0;0.0;1.0;5.0;3.0;3.0;9.0;3.0;1.0;1.0;0.0;0.0;0.0;2.0;3.0;0.0;7.0;11.0;21.0;0.0;0.0;0.0;0.0;0.0;0.0;0.0;0.0;0.0;0.0;0.0
CHEMBL1201353;0.0;0.0;0.0;0.0;0.0;0.0;0.0;0.0;0.0;0.0;0.0;0.0;0.0;0.0;0.0;0.0;0.0;0.0;0.0;0.0;0.0;0.0;0.0;0.0;0.0;0.0;0.0;0.0;0.0;0.0;0.0;0.0;0.0;0.0;0.0;0.0;0.0;0.0;0.0;0.0;0.0;0.0;0.0;0.0;0.0;0.0;0.0;0.0;0.0;0.0;0.0;0.0;0.0;0.0;0.0;0.0;0.0;0.0;0.0;0.0;0.0;0.0;0.0;0.0;2.0;0.0;0.0;0.0;0.0;0.0;0.0;0.0;0.0;1.0;0.0;0.0;0.0;0.0;0.0;0.0;0.0;0.0;0.0;0.0;1.0;3.0;2.0;0.0;0.0;0.0;0.0;0.0;2.0;0.0;0.0;0.0;0.0;1.0;0.0;1.0;0.0;0.0;1.0;0.0;0.0;0.0;1.0;0.0;0.0;0.0;1.0;0.0;0.0;0.0;2.0;2.0;0.0;2.0;0.0;1.0;1.0;1.0;0.0;0.0;0.0;0.0;0.0;0.0;0.0;0.0;0.0;1.0;0.0;0.0;1.0;1.0;0.0;0.0;2.0;2.0;0.0;2.0;2.0;1.0;2.0;0.0;0.0;0.0;0.0;2.0;1.0;0.0;3.0;12.0;12.0;0.0;0.0;0.0;0.0;0.0;0.0;0.0;0.0;0.0;0.0;0.0
CHEMBL91;0.0;0.0;0.0;0.0;0.0;0.0;0.0;0.0;0.0;0.0;0.0;0.0;0.0;0.0;0.0;0.0;0.0;0.0;0.0;0.0;0.0;0.0;0.0;0.0;0.0;0.0;0.0;0.0;0.0;0.0;0.0;0.0;0.0;0.0;0.0;0.0;0.0;0.0;0.0;0.0;0.0;0.0;0.0;0.0;0.0;0.0;0.0;0.0;0.0;0.0;0.0;0.0;0.0;0.0;0.0;0.0;0.0;0.0;0.0;0.0;0.0;0.0;0.0;0.0;4.0;0.0;0.0;0.0;0.0;0.0;0.0;0.0;0.0;0.0;2.0;0.0;1.0;0.0;1.0;0.0;0.0;0.0;1.0;0.0;1.0;0.0;8.0;0.0;0.0;0.0;0.0;0.0;0.0;0.0;1.0;1.0;0.0;0.0;0.0;1.0;0.0;0.0;4.0;0.0;0.0;0.0;4.0;0.0;1.0;0.0;0.0;0.0;0.0;0.0;0.0;0.0;0.0;0.0;0.0;2.0;2.0;1.0;0.0;0.0;1.0;0.0;0.0;2.0;0.0;1.0;0.0;4.0;0.0;0.0;2.0;2.0;0.0;1.0;0.0;2.0;2.0;2.0;0.0;1.0;0.0;2.0;0.0;1.0;0.0;2.0;0.0;2.0;1.0;17.0;17.0;0.0;0.0;0.0;0.0;0.0;0.0;0.0;0.0;0.0;0.0;0.0
CHEMBL420;0.0;0.0;0.0;0.0;0.0;0.0;0.0;0.0;0.0;0.0;0.0;0.0;0.0;0.0;0.0;0.0;0.0;0.0;0.0;0.0;0.0;0.0;0.0;0.0;1.0;0.0;0.0;0.0;0.0;0.0;0.0;0.0;0.0;0.0;0.0;0.0;0.0;0.0;0.0;0.0;0.0;0.0;3.0;0.0;0.0;0.0;0.0;0.0;0.0;0.0;0.0;1.0;0.0;0.0;0.0;0.0;0.0;0.0;0.0;0.0;0.0;0.0;0.0;0.0;0.0;0.0;0.0;0.0;1.0;0.0;0.0;0.0;0.0;0.0;0.0;0.0;3.0;2.0;2.0;0.0;0.0;0.0;0.0;1.0;0.0;0.0;4.0;0.0;0.0;0.0;0.0;0.0;0.0;1.0;0.0;0.0;0.0;0.0;0.0;0.0;0.0;0.0;2.0;0.0;0.0;1.0;2.0;0.0;0.0;0.0;0.0;0.0;0.0;0.0;0.0;0.0;0.0;0.0;2.0;0.0;0.0;0.0;0.0;1.0;0.0;0.0;0.0;0.0;3.0;0.0;0.0;2.0;0.0;0.0;0.0;0.0;0.0;0.0;0.0;4.0;2.0;1.0;0.0;0.0;0.0;2.0;3.0;0.0;0.0;0.0;1.0;0.0;2.0;6.0;6.0;0.0;0.0;0.0;0.0;0.0;0.0;0.0;0.0;0.0;0.0;0.0
CHEMBL762;0.0;0.0;0.0;0.0;0.0;0.0;0.0;0.0;0.0;0.0;0.0;0.0;0.0;0.0;0.0;0.0;0.0;0.0;0.0;0.0;0.0;0.0;0.0;0.0;0.0;0.0;0.0;0.0;0.0;0.0;0.0;0.0;0.0;0.0;0.0;0.0;0.0;1.0;0.0;0.0;0.0;0.0;0.0;0.0;0.0;0.0;0.0;0.0;0.0;0.0;0.0;0.0;0.0;0.0;0.0;0.0;0.0;0.0;0.0;0.0;0.0;0.0;0.0;0.0;0.0;1.0;0.0;0.0;0.0;0.0;0.0;0.0;0.0;3.0;0.0;0.0;1.0;1.0;1.0;0.0;0.0;1.0;1.0;0.0;0.0;0.0;0.0;0.0;0.0;1.0;2.0;0.0;0.0;0.0;0.0;1.0;0.0;0.0;0.0;2.0;0.0;0.0;0.0;2.0;0.0;0.0;0.0;0.0;0.0;0.0;3.0;1.0;2.0;0.0;0.0;2.0;0.0;2.0;1.0;2.0;2.0;0.0;0.0;0.0;0.0;2.0;3.0;3.0;2.0;0.0;0.0;0.0;0.0;0.0;2.0;2.0;1.0;1.0;5.0;2.0;4.0;1.0;2.0;0.0;5.0;4.0;1.0;1.0;0.0;1.0;1.0;1.0;3.0;6.0;11.0;0.0;0.0;0.0;0.0;0.0;0.0;0.0;0.0;0.0;0.0;0.0
CHEMBL10316;0.0;0.0;0.0;0.0;0.0;0.0;0.0;0.0;0.0;0.0;0.0;0.0;0.0;0.0;0.0;0.0;0.0;0.0;0.0;0.0;0.0;0.0;0.0;0.0;0.0;0.0;0.0;0.0;0.0;0.0;0.0;0.0;0.0;0.0;0.0;0.0;0.0;1.0;0.0;0.0;0.0;0.0;0.0;0.0;0.0;0.0;0.0;0.0;0.0;0.0;0.0;0.0;0.0;0.0;0.0;0.0;2.0;0.0;0.0;0.0;0.0;4.0;0.0;0.0;0.0;0.0;0.0;0.0;0.0;0.0;0.0;2.0;0.0;0.0;0.0;0.0;1.0;1.0;1.0;0.0;0.0;1.0;1.0;0.0;0.0;0.0;0.0;0.0;0.0;1.0;1.0;0.0;0.0;0.0;2.0;1.0;2.0;1.0;0.0;2.0;10.0;0.0;0.0;1.0;2.0;0.0;0.0;0.0;1.0;0.0;1.0;0.0;4.0;0.0;0.0;0.0;0.0;2.0;1.0;4.0;2.0;0.0;0.0;0.0;0.0;0.0;3.0;0.0;1.0;1.0;0.0;0.0;0.0;0.0;4.0;3.0;0.0;2.0;0.0;2.0;1.0;2.0;2.0;0.0;0.0;0.0;1.0;3.0;0.0;0.0;1.0;4.0;3.0;6.0;15.0;0.0;0.0;0.0;0.0;0.0;0.0;0.0;0.0;0.0;0.0;0.0
CHEMBL19215;0.0;0.0;0.0;0.0;0.0;0.0;0.0;0.0;0.0;0.0;0.0;0.0;0.0;0.0;0.0;0.0;0.0;0.0;0.0;0.0;0.0;0.0;1.0;0.0;0.0;0.0;0.0;0.0;0.0;0.0;0.0;0.0;0.0;0.0;0.0;0.0;0.0;0.0;0.0;0.0;0.0;0.0;0.0;0.0;0.0;0.0;0.0;0.0;0.0;0.0;0.0;0.0;0.0;0.0;0.0;0.0;0.0;0.0;0.0;0.0;0.0;0.0;0.0;0.0;2.0;0.0;0.0;0.0;0.0;0.0;0.0;0.0;0.0;0.0;4.0;0.0;0.0;0.0;0.0;1.0;0.0;1.0;1.0;0.0;2.0;1.0;0.0;0.0;0.0;1.0;0.0;0.0;2.0;0.0;0.0;1.0;0.0;1.0;0.0;2.0;16.0;0.0;0.0;0.0;6.0;1.0;0.0;4.0;1.0;2.0;1.0;0.0;0.0;0.0;1.0;1.0;2.0;0.0;0.0;2.0;2.0;2.0;1.0;0.0;1.0;0.0;2.0;2.0;1.0;0.0;0.0;0.0;0.0;1.0;2.0;3.0;0.0;2.0;2.0;3.0;0.0;4.0;0.0;2.0;2.0;0.0;1.0;0.0;1.0;2.0;3.0;2.0;6.0;15.0;22.0;0.0;0.0;0.0;0.0;0.0;0.0;0.0;0.0;0.0;0.0;0.0
CHEMBL442;0.0;0.0;0.0;0.0;0.0;0.0;0.0;0.0;0.0;0.0;0.0;0.0;0.0;0.0;0.0;0.0;0.0;0.0;0.0;0.0;0.0;0.0;1.0;0.0;0.0;1.0;0.0;0.0;0.0;0.0;0.0;0.0;0.0;0.0;0.0;0.0;0.0;0.0;0.0;0.0;0.0;0.0;0.0;0.0;0.0;0.0;0.0;0.0;0.0;1.0;0.0;0.0;1.0;0.0;0.0;0.0;1.0;0.0;0.0;0.0;0.0;0.0;0.0;0.0;2.0;0.0;0.0;0.0;0.0;0.0;0.0;1.0;0.0;0.0;2.0;1.0;0.0;0.0;3.0;2.0;0.0;0.0;3.0;0.0;3.0;1.0;0.0;0.0;3.0;3.0;2.0;7.0;1.0;0.0;5.0;3.0;2.0;2.0;1.0;2.0;28.0;0.0;0.0;0.0;10.0;1.0;0.0;0.0;0.0;6.0;4.0;2.0;0.0;0.0;1.0;1.0;6.0;4.0;0.0;5.0;4.0;3.0;1.0;0.0;0.0;7.0;2.0;3.0;3.0;0.0;2.0;0.0;0.0;3.0;5.0;2.0;1.0;5.0;2.0;5.0;0.0;5.0;4.0;3.0;2.0;3.0;2.0;1.0;3.0;1.0;13.0;3.0;11.0;15.0;34.0;0.0;0.0;0.0;0.0;0.0;0.0;0.0;0.0;0.0;0.0;0.0
CHEMBL862;0.0;0.0;0.0;0.0;0.0;0.0;0.0;0.0;0.0;0.0;0.0;0.0;0.0;0.0;0.0;0.0;0.0;0.0;0.0;0.0;0.0;0.0;0.0;0.0;1.0;0.0;0.0;0.0;0.0;0.0;0.0;0.0;0.0;0.0;0.0;0.0;0.0;0.0;0.0;0.0;0.0;0.0;3.0;0.0;0.0;0.0;0.0;0.0;0.0;0.0;0.0;0.0;0.0;0.0;0.0;0.0;0.0;0.0;0.0;0.0;0.0;0.0;0.0;0.0;0.0;0.0;0.0;0.0;0.0;0.0;0.0;0.0;0.0;0.0;0.0;0.0;3.0;1.0;0.0;0.0;0.0;0.0;0.0;1.0;0.0;0.0;4.0;0.0;0.0;0.0;2.0;1.0;0.0;0.0;0.0;0.0;2.0;0.0;0.0;0.0;0.0;0.0;2.0;1.0;0.0;1.0;2.0;0.0;0.0;1.0;1.0;0.0;0.0;0.0;0.0;0.0;1.0;0.0;1.0;0.0;0.0;0.0;0.0;0.0;0.0;0.0;0.0;0.0;3.0;1.0;0.0;2.0;0.0;1.0;0.0;0.0;0.0;1.0;0.0;3.0;2.0;1.0;0.0;0.0;0.0;2.0;3.0;0.0;1.0;1.0;2.0;0.0;3.0;6.0;6.0;0.0;0.0;0.0;0.0;0.0;0.0;0.0;0.0;0.0;0.0;0.0
CHEMBL470432;0.0;0.0;0.0;0.0;0.0;0.0;0.0;0.0;0.0;0.0;0.0;0.0;0.0;0.0;0.0;0.0;0.0;0.0;0.0;0.0;0.0;0.0;0.0;0.0;0.0;0.0;0.0;0.0;0.0;0.0;0.0;0.0;0.0;0.0;0.0;1.0;0.0;0.0;0.0;0.0;0.0;0.0;0.0;0.0;0.0;0.0;1.0;0.0;0.0;0.0;0.0;0.0;0.0;0.0;0.0;0.0;0.0;0.0;0.0;0.0;0.0;0.0;0.0;0.0;5.0;0.0;0.0;0.0;0.0;0.0;0.0;0.0;0.0;0.0;2.0;0.0;0.0;0.0;2.0;0.0;1.0;0.0;2.0;0.0;2.0;3.0;0.0;1.0;0.0;0.0;0.0;1.0;0.0;0.0;1.0;2.0;0.0;2.0;0.0;3.0;12.0;0.0;0.0;0.0;4.0;0.0;0.0;2.0;1.0;1.0;3.0;0.0;2.0;1.0;1.0;0.0;1.0;3.0;0.0;4.0;3.0;2.0;0.0;0.0;1.0;2.0;3.0;9.0;0.0;0.0;0.0;0.0;0.0;0.0;4.0;4.0;0.0;1.0;2.0;3.0;0.0;2.0;3.0;2.0;2.0;0.0;0.0;0.0;0.0;3.0;4.0;2.0;3.0;12.0;18.0;0.0;0.0;0.0;0.0;0.0;0.0;0.0;0.0;0.0;0.0;0.0
CHEMBL163247;0.0;0.0;0.0;0.0;0.0;0.0;0.0;0.0;0.0;0.0;0.0;0.0;0.0;0.0;0.0;0.0;0.0;0.0;0.0;0.0;0.0;0.0;0.0;0.0;0.0;0.0;0.0;0.0;0.0;0.0;0.0;0.0;0.0;0.0;0.0;0.0;0.0;1.0;0.0;0.0;0.0;0.0;0.0;0.0;0.0;0.0;0.0;0.0;0.0;0.0;0.0;0.0;0.0;0.0;0.0;0.0;1.0;0.0;0.0;0.0;0.0;0.0;0.0;0.0;5.0;0.0;0.0;0.0;0.0;0.0;0.0;0.0;0.0;0.0;2.0;0.0;1.0;0.0;0.0;1.0;0.0;0.0;1.0;0.0;2.0;3.0;4.0;0.0;0.0;0.0;0.0;1.0;0.0;0.0;0.0;1.0;4.0;3.0;0.0;3.0;23.0;0.0;2.0;0.0;6.0;0.0;2.0;1.0;0.0;1.0;2.0;0.0;2.0;0.0;0.0;1.0;1.0;3.0;0.0;4.0;3.0;2.0;0.0;0.0;0.0;2.0;3.0;7.0;0.0;1.0;0.0;2.0;0.0;1.0;4.0;3.0;0.0;2.0;1.0;3.0;3.0;4.0;3.0;2.0;1.0;2.0;0.0;2.0;1.0;2.0;3.0;0.0;3.0;19.0;23.0;0.0;0.0;0.0;0.0;0.0;0.0;0.0;0.0;0.0;0.0;0.0
CHEMBL395110;0.0;0.0;0.0;0.0;0.0;0.0;0.0;0.0;0.0;0.0;0.0;0.0;0.0;0.0;0.0;0.0;0.0;0.0;0.0;0.0;0.0;0.0;0.0;0.0;0.0;0.0;0.0;0.0;0.0;0.0;0.0;0.0;0.0;0.0;0.0;1.0;0.0;0.0;0.0;0.0;0.0;0.0;0.0;0.0;0.0;0.0;0.0;0.0;0.0;0.0;0.0;0.0;0.0;0.0;0.0;0.0;0.0;0.0;4.0;0.0;0.0;0.0;0.0;0.0;0.0;0.0;0.0;0.0;0.0;0.0;0.0;0.0;0.0;0.0;4.0;0.0;0.0;0.0;0.0;1.0;2.0;0.0;0.0;0.0;2.0;3.0;0.0;1.0;0.0;0.0;0.0;0.0;1.0;0.0;0.0;0.0;0.0;2.0;0.0;3.0;14.0;0.0;0.0;0.0;4.0;0.0;0.0;3.0;0.0;0.0;1.0;0.0;0.0;0.0;2.0;1.0;0.0;4.0;0.0;3.0;2.0;2.0;0.0;0.0;0.0;0.0;4.0;5.0;0.0;0.0;0.0;0.0;4.0;0.0;3.0;3.0;0.0;0.0;1.0;2.0;2.0;4.0;4.0;2.0;1.0;0.0;0.0;0.0;0.0;1.0;2.0;0.0;6.0;12.0;20.0;0.0;0.0;0.0;0.0;0.0;0.0;0.0;0.0;0.0;0.0;0.0
CHEMBL1276308;0.0;0.0;0.0;0.0;0.0;0.0;0.0;0.0;0.0;0.0;0.0;0.0;0.0;0.0;0.0;0.0;1.0;0.0;0.0;0.0;0.0;0.0;0.0;0.0;0.0;3.0;0.0;0.0;0.0;0.0;0.0;0.0;0.0;0.0;0.0;0.0;0.0;0.0;0.0;0.0;0.0;0.0;0.0;0.0;0.0;0.0;0.0;0.0;0.0;3.0;0.0;0.0;0.0;0.0;0.0;0.0;0.0;0.0;0.0;0.0;0.0;4.0;0.0;0.0;0.0;2.0;0.0;0.0;0.0;0.0;0.0;0.0;0.0;1.0;0.0;3.0;0.0;0.0;0.0;0.0;0.0;0.0;0.0;0.0;1.0;1.0;0.0;0.0;0.0;1.0;1.0;0.0;2.0;0.0;0.0;1.0;0.0;0.0;2.0;0.0;17.0;0.0;0.0;1.0;6.0;0.0;0.0;3.0;0.0;0.0;0.0;2.0;0.0;0.0;1.0;1.0;0.0;6.0;0.0;0.0;0.0;1.0;0.0;0.0;0.0;4.0;12.0;6.0;1.0;2.0;2.0;0.0;2.0;1.0;0.0;0.0;1.0;2.0;4.0;1.0;0.0;4.0;6.0;1.0;4.0;2.0;0.0;4.0;1.0;0.0;1.0;1.0;3.0;6.0;23.0;0.0;0.0;0.0;0.0;0.0;0.0;0.0;0.0;0.0;0.0;0.0
CHEMBL1201203;0.0;0.0;0.0;0.0;0.0;0.0;0.0;0.0;0.0;0.0;0.0;0.0;0.0;0.0;0.0;0.0;0.0;0.0;1.0;0.0;0.0;0.0;0.0;0.0;0.0;0.0;0.0;0.0;0.0;0.0;0.0;0.0;0.0;0.0;0.0;0.0;0.0;0.0;0.0;0.0;0.0;0.0;0.0;0.0;0.0;0.0;0.0;0.0;0.0;0.0;0.0;0.0;0.0;0.0;0.0;0.0;0.0;0.0;0.0;0.0;0.0;0.0;0.0;0.0;0.0;0.0;0.0;0.0;0.0;0.0;0.0;0.0;0.0;0.0;2.0;0.0;0.0;0.0;0.0;0.0;0.0;0.0;1.0;0.0;1.0;0.0;0.0;0.0;0.0;0.0;0.0;0.0;1.0;0.0;0.0;1.0;2.0;1.0;0.0;0.0;0.0;0.0;0.0;0.0;2.0;0.0;0.0;1.0;0.0;0.0;4.0;0.0;0.0;0.0;0.0;1.0;0.0;2.0;0.0;1.0;1.0;1.0;0.0;0.0;1.0;2.0;5.0;3.0;0.0;2.0;0.0;0.0;0.0;0.0;1.0;0.0;0.0;1.0;1.0;1.0;0.0;3.0;2.0;1.0;1.0;0.0;0.0;2.0;0.0;0.0;2.0;2.0;3.0;12.0;20.0;0.0;0.0;0.0;0.0;0.0;0.0;0.0;0.0;0.0;0.0;0.0
CHEMBL1385840;0.0;0.0;0.0;0.0;0.0;0.0;0.0;0.0;0.0;0.0;0.0;0.0;0.0;0.0;0.0;0.0;0.0;0.0;0.0;0.0;0.0;0.0;1.0;0.0;0.0;1.0;0.0;0.0;0.0;0.0;0.0;0.0;0.0;0.0;0.0;0.0;0.0;0.0;0.0;0.0;0.0;0.0;0.0;0.0;0.0;0.0;0.0;0.0;0.0;1.0;0.0;0.0;1.0;0.0;0.0;0.0;1.0;0.0;0.0;0.0;0.0;0.0;0.0;0.0;2.0;0.0;0.0;0.0;0.0;0.0;0.0;1.0;0.0;2.0;2.0;1.0;0.0;0.0;3.0;2.0;0.0;0.0;3.0;0.0;3.0;1.0;0.0;0.0;3.0;3.0;2.0;7.0;1.0;0.0;5.0;3.0;2.0;2.0;1.0;2.0;28.0;0.0;0.0;0.0;10.0;1.0;0.0;0.0;0.0;6.0;3.0;2.0;0.0;0.0;1.0;1.0;6.0;4.0;0.0;5.0;4.0;3.0;1.0;0.0;0.0;7.0;0.0;3.0;3.0;0.0;2.0;0.0;0.0;3.0;5.0;2.0;1.0;5.0;5.0;5.0;0.0;4.0;4.0;3.0;5.0;3.0;2.0;1.0;3.0;0.0;13.0;3.0;11.0;9.0;28.0;0.0;0.0;0.0;0.0;0.0;0.0;0.0;0.0;0.0;0.0;0.0
CHEMBL1411979;0.0;0.0;0.0;0.0;0.0;0.0;0.0;0.0;0.0;0.0;0.0;0.0;0.0;0.0;0.0;0.0;0.0;0.0;0.0;0.0;0.0;0.0;0.0;0.0;0.0;0.0;0.0;0.0;0.0;0.0;0.0;0.0;0.0;0.0;0.0;1.0;0.0;1.0;0.0;0.0;0.0;0.0;0.0;0.0;0.0;0.0;0.0;0.0;0.0;0.0;0.0;0.0;0.0;0.0;0.0;0.0;0.0;0.0;0.0;0.0;0.0;0.0;0.0;0.0;2.0;0.0;0.0;0.0;0.0;0.0;0.0;0.0;0.0;1.0;0.0;0.0;1.0;0.0;1.0;0.0;1.0;0.0;1.0;0.0;2.0;4.0;0.0;1.0;0.0;0.0;0.0;0.0;2.0;0.0;0.0;1.0;0.0;1.0;0.0;3.0;0.0;0.0;0.0;0.0;0.0;0.0;0.0;0.0;0.0;0.0;1.0;0.0;0.0;0.0;2.0;2.0;0.0;2.0;0.0;2.0;1.0;2.0;0.0;0.0;0.0;0.0;0.0;2.0;0.0;0.0;2.0;0.0;2.0;0.0;2.0;3.0;0.0;0.0;2.0;3.0;0.0;1.0;2.0;2.0;2.0;0.0;0.0;0.0;0.0;3.0;1.0;0.0;6.0;11.0;11.0;0.0;0.0;0.0;0.0;0.0;0.0;0.0;0.0;0.0;0.0;0.0
CHEMBL1403281;0.0;0.0;0.0;0.0;0.0;0.0;0.0;0.0;0.0;0.0;0.0;0.0;0.0;0.0;0.0;0.0;0.0;0.0;0.0;0.0;0.0;0.0;1.0;0.0;0.0;1.0;0.0;0.0;0.0;0.0;0.0;0.0;0.0;0.0;0.0;0.0;0.0;0.0;0.0;0.0;0.0;0.0;0.0;0.0;0.0;0.0;0.0;0.0;0.0;1.0;0.0;0.0;1.0;0.0;0.0;0.0;1.0;0.0;0.0;0.0;0.0;0.0;0.0;0.0;2.0;0.0;0.0;0.0;0.0;0.0;0.0;1.0;0.0;2.0;2.0;1.0;0.0;0.0;3.0;2.0;0.0;0.0;3.0;0.0;3.0;1.0;0.0;0.0;3.0;3.0;2.0;7.0;1.0;0.0;5.0;3.0;2.0;2.0;1.0;2.0;28.0;0.0;0.0;0.0;10.0;1.0;0.0;0.0;0.0;6.0;4.0;2.0;0.0;0.0;3.0;1.0;6.0;4.0;0.0;5.0;4.0;3.0;1.0;0.0;0.0;7.0;2.0;3.0;3.0;0.0;2.0;0.0;0.0;3.0;5.0;2.0;1.0;5.0;5.0;5.0;0.0;4.0;4.0;3.0;5.0;3.0;2.0;1.0;3.0;1.0;13.0;3.0;11.0;9.0;28.0;0.0;0.0;0.0;0.0;0.0;0.0;0.0;0.0;0.0;0.0;0.0
CHEMBL1612004;0.0;0.0;0.0;0.0;0.0;0.0;0.0;0.0;0.0;0.0;0.0;0.0;0.0;0.0;0.0;0.0;0.0;0.0;0.0;0.0;0.0;0.0;0.0;0.0;0.0;0.0;0.0;0.0;0.0;0.0;0.0;0.0;0.0;0.0;0.0;0.0;0.0;0.0;0.0;0.0;0.0;0.0;0.0;0.0;0.0;0.0;0.0;0.0;0.0;0.0;0.0;0.0;0.0;0.0;0.0;0.0;0.0;0.0;0.0;0.0;0.0;0.0;0.0;0.0;0.0;0.0;0.0;0.0;0.0;0.0;0.0;0.0;0.0;0.0;0.0;0.0;0.0;0.0;0.0;0.0;0.0;0.0;0.0;1.0;0.0;0.0;0.0;0.0;0.0;0.0;0.0;0.0;1.0;0.0;1.0;0.0;0.0;0.0;0.0;0.0;0.0;0.0;0.0;0.0;0.0;0.0;0.0;0.0;0.0;0.0;0.0;0.0;2.0;0.0;0.0;0.0;0.0;0.0;0.0;0.0;0.0;0.0;0.0;0.0;1.0;2.0;0.0;0.0;1.0;0.0;2.0;0.0;2.0;0.0;0.0;0.0;0.0;1.0;1.0;1.0;1.0;1.0;0.0;0.0;1.0;1.0;1.0;1.0;0.0;0.0;1.0;2.0;1.0;6.0;6.0;0.0;0.0;0.0;0.0;0.0;0.0;0.0;0.0;0.0;0.0;0.0
CHEMBL1628227;0.0;0.0;0.0;0.0;0.0;0.0;0.0;0.0;0.0;0.0;0.0;0.0;0.0;0.0;0.0;0.0;0.0;0.0;1.0;0.0;0.0;0.0;0.0;0.0;0.0;0.0;0.0;0.0;0.0;0.0;0.0;0.0;0.0;0.0;0.0;0.0;0.0;0.0;0.0;0.0;0.0;0.0;0.0;0.0;0.0;0.0;0.0;0.0;0.0;1.0;0.0;0.0;0.0;0.0;0.0;0.0;1.0;0.0;0.0;0.0;0.0;0.0;0.0;0.0;0.0;0.0;0.0;0.0;0.0;0.0;0.0;0.0;0.0;1.0;0.0;1.0;0.0;0.0;0.0;0.0;0.0;0.0;0.0;0.0;1.0;3.0;0.0;0.0;0.0;0.0;0.0;0.0;2.0;0.0;0.0;0.0;0.0;0.0;1.0;1.0;15.0;0.0;0.0;0.0;4.0;0.0;0.0;0.0;1.0;0.0;1.0;0.0;2.0;0.0;2.0;2.0;0.0;2.0;0.0;1.0;0.0;1.0;0.0;0.0;0.0;0.0;0.0;0.0;0.0;0.0;0.0;0.0;0.0;0.0;1.0;2.0;0.0;1.0;2.0;1.0;2.0;2.0;2.0;1.0;2.0;0.0;0.0;1.0;0.0;2.0;0.0;2.0;3.0;12.0;15.0;0.0;0.0;0.0;0.0;0.0;0.0;0.0;0.0;0.0;0.0;0.0
CHEMBL1902981;0.0;0.0;0.0;0.0;0.0;0.0;0.0;0.0;0.0;0.0;0.0;0.0;0.0;0.0;0.0;0.0;0.0;0.0;0.0;0.0;0.0;0.0;0.0;0.0;0.0;0.0;0.0;0.0;0.0;0.0;0.0;0.0;0.0;0.0;0.0;0.0;0.0;0.0;0.0;0.0;0.0;0.0;0.0;0.0;0.0;0.0;0.0;0.0;0.0;0.0;0.0;0.0;0.0;0.0;0.0;0.0;0.0;0.0;0.0;0.0;0.0;0.0;0.0;0.0;0.0;0.0;0.0;0.0;0.0;0.0;0.0;0.0;0.0;0.0;2.0;0.0;0.0;0.0;0.0;0.0;0.0;0.0;0.0;0.0;1.0;3.0;0.0;0.0;0.0;0.0;0.0;0.0;0.0;0.0;0.0;0.0;1.0;1.0;0.0;3.0;0.0;0.0;0.0;0.0;0.0;0.0;0.0;2.0;0.0;0.0;2.0;0.0;0.0;1.0;1.0;0.0;0.0;6.0;0.0;1.0;1.0;1.0;0.0;0.0;0.0;0.0;5.0;7.0;0.0;0.0;0.0;0.0;0.0;1.0;1.0;3.0;0.0;1.0;2.0;1.0;0.0;2.0;6.0;1.0;2.0;0.0;0.0;1.0;1.0;2.0;0.0;0.0;3.0;6.0;12.0;0.0;0.0;0.0;0.0;0.0;0.0;0.0;0.0;0.0;0.0;0.0
CHEMBL1909072;0.0;0.0;0.0;0.0;0.0;0.0;0.0;0.0;0.0;0.0;0.0;0.0;0.0;0.0;0.0;0.0;0.0;0.0;0.0;0.0;0.0;0.0;0.0;0.0;0.0;0.0;0.0;0.0;0.0;0.0;0.0;0.0;0.0;0.0;0.0;1.0;0.0;0.0;0.0;0.0;0.0;0.0;0.0;0.0;0.0;0.0;0.0;0.0;0.0;0.0;0.0;0.0;0.0;0.0;0.0;0.0;0.0;0.0;4.0;0.0;0.0;0.0;0.0;0.0;0.0;0.0;0.0;0.0;0.0;0.0;0.0;0.0;0.0;0.0;4.0;0.0;0.0;0.0;0.0;1.0;2.0;0.0;0.0;1.0;2.0;3.0;2.0;1.0;0.0;1.0;1.0;1.0;0.0;0.0;0.0;0.0;0.0;2.0;0.0;4.0;14.0;0.0;1.0;0.0;4.0;0.0;1.0;0.0;0.0;1.0;4.0;0.0;0.0;0.0;0.0;0.0;1.0;5.0;0.0;3.0;2.0;2.0;0.0;0.0;0.0;0.0;6.0;8.0;1.0;0.0;0.0;1.0;4.0;1.0;3.0;4.0;0.0;1.0;0.0;3.0;2.0;4.0;5.0;2.0;0.0;0.0;1.0;0.0;1.0;3.0;3.0;0.0;7.0;12.0;20.0;0.0;0.0;0.0;0.0;0.0;0.0;0.0;0.0;0.0;0.0;0.0
CHEMBL1909065;0.0;0.0;0.0;0.0;0.0;0.0;0.0;0.0;0.0;0.0;0.0;0.0;0.0;0.0;0.0;0.0;0.0;0.0;0.0;0.0;0.0;0.0;0.0;0.0;0.0;0.0;0.0;0.0;0.0;0.0;0.0;0.0;0.0;0.0;0.0;0.0;0.0;0.0;0.0;0.0;0.0;0.0;0.0;0.0;0.0;0.0;0.0;0.0;0.0;0.0;0.0;0.0;1.0;0.0;0.0;0.0;7.0;0.0;0.0;0.0;0.0;12.0;0.0;0.0;0.0;2.0;0.0;0.0;0.0;0.0;0.0;8.0;0.0;0.0;0.0;0.0;0.0;0.0;0.0;0.0;0.0;0.0;3.0;0.0;0.0;0.0;0.0;0.0;16.0;1.0;1.0;0.0;4.0;0.0;0.0;3.0;0.0;4.0;0.0;0.0;0.0;0.0;0.0;3.0;4.0;0.0;0.0;9.0;0.0;0.0;0.0;5.0;0.0;0.0;4.0;6.0;0.0;4.0;0.0;7.0;0.0;0.0;5.0;0.0;5.0;18.0;10.0;4.0;4.0;17.0;0.0;0.0;0.0;1.0;7.0;0.0;4.0;17.0;13.0;0.0;0.0;4.0;4.0;0.0;13.0;13.0;0.0;25.0;1.0;1.0;0.0;28.0;0.0;0.0;38.0;0.0;0.0;0.0;0.0;0.0;0.0;0.0;0.0;0.0;0.0;0.0
CHEMBL2203713;0.0;0.0;0.0;0.0;0.0;0.0;0.0;0.0;0.0;0.0;0.0;0.0;0.0;0.0;0.0;0.0;0.0;0.0;0.0;0.0;0.0;0.0;0.0;0.0;0.0;0.0;0.0;0.0;0.0;0.0;0.0;0.0;0.0;0.0;0.0;1.0;0.0;1.0;0.0;0.0;0.0;0.0;0.0;0.0;0.0;0.0;0.0;0.0;0.0;0.0;0.0;0.0;0.0;0.0;0.0;0.0;0.0;0.0;0.0;0.0;0.0;4.0;0.0;0.0;0.0;0.0;0.0;0.0;0.0;0.0;0.0;0.0;0.0;0.0;2.0;0.0;1.0;1.0;0.0;2.0;1.0;2.0;2.0;1.0;1.0;1.0;0.0;1.0;0.0;0.0;1.0;0.0;0.0;0.0;0.0;2.0;0.0;1.0;0.0;3.0;9.0;0.0;0.0;2.0;2.0;0.0;0.0;0.0;0.0;0.0;5.0;0.0;0.0;0.0;0.0;0.0;0.0;4.0;1.0;3.0;2.0;1.0;0.0;0.0;0.0;0.0;6.0;7.0;2.0;0.0;4.0;0.0;4.0;0.0;3.0;3.0;0.0;0.0;0.0;4.0;1.0;2.0;4.0;1.0;0.0;0.0;2.0;0.0;0.0;0.0;4.0;0.0;7.0;11.0;20.0;0.0;0.0;0.0;0.0;0.0;0.0;0.0;0.0;0.0;0.0;0.0
