id;predicted;uq;resid
CHEMBL844;-2.7531748;0.2201125;-0.6535356768104736
CHEMBL357565;-2.8612406;0.15952799;-0.13875937461853027
CHEMBL151010;-2.8277645;0.12865385;-0.17223548889160156
CHEMBL43064;-3.1044772;0.2629921;0.06984871050419628
CHEMBL424334;-2.7513914;0.17101693;-0.24860858917236328
CHEMBL301642;-2.4168334;0.110170804;0.7540755690447443
CHEMBL118588;-1.5028098;0.1438839;-0.2190008522578344
CHEMBL114;-0.7320169;0.40598205;-2.8987159717738007
CHEMBL1201237;-2.6776047;0.20296475;-0.7849430535096955
CHEMBL499;-2.1522887;0.28018835;-1.2810010098867983
CHEMBL49080;-3.3244312;0.32937327;-0.09914233877875667
CHEMBL1191451;-1.8747275;0.40299985;2.02962944754983
CHEMBL1196166;-0.8021569;0.2711902;-0.27702432084620887
CHEMBL1188520;-1.0741156;0.269312;-1.6418877096702604
CHEMBL131546;-1.8191012;0.18120727;-0.13994017791221913
CHEMBL339926;-1.2811611;0.21296395;0.20197982382237023
CHEMBL1193692;-1.220689;0.3201434;0.3755910182895762
CHEMBL601773;-0.3254325;0.4253836;0.46689531161424447
CHEMBL1385840;-0.78097785;0.3114511;0.28821745616511807
CHEMBL493;-0.5496985;0.43091398;-0.20158063196033205
CHEMBL1403281;-0.26726744;0.44076937;-0.15268831270064953
CHEMBL78330;-3.1497574;0.2726206;-0.2119704507636868
CHEMBL75379;-2.8373003;0.178137;0.5150810058642254
CHEMBL117405;-1.4658011;0.4642678;-0.11398247681242757
CHEMBL27;-2.185604;0.22755481;-0.9460803175088461
CHEMBL1179189;-2.4378867;0.12978311;-0.5621132850646973
CHEMBL429;-2.0920658;0.42029086;-0.5023267392182
CHEMBL643;-3.9021804;0.456111;0.48787574514498333
CHEMBL119443;-1.274208;0.36890006;0.3641174040442985
CHEMBL1255834;-1.9399844;0.1894892;-1.1122476494488067
CHEMBL117049;-2.3062878;0.12401111;0.5398749183905303
CHEMBL300556;-2.1415937;0.13565317;-0.31930414806965857
CHEMBL14238;-2.8555791;0.2235912;0.600306632698818
CHEMBL14020;-2.1870263;0.08575995;-0.78145668627061
CHEMBL14239;-2.6566918;0.24850607;0.2764805479154693
CHEMBL1194525;-1.001445;0.21241643;-0.5667566690590604
CHEMBL1188602;-1.077834;0.2487272;0.3618306664894073
CHEMBL1195371;-0.69491297;0.33421198;-0.24160077241282263
CHEMBL132736;-1.148751;0.20314498;-0.08169790094675555
CHEMBL130070;-1.1143893;0.23103034;0.2692912603321177
CHEMBL130489;-1.7046115;0.2668846;-1.0940391056045708
CHEMBL128170;-2.6868534;0.14558864;0.5021619779958777
CHEMBL134027;-1.1322746;0.2525888;0.28717658767129006
CHEMBL130894;-3.4504917;0.33011305;0.08313574576780436
CHEMBL132333;-3.0871997;0.24846986;-0.1508464151710318
CHEMBL440162;-2.5492022;0.09252695;-0.5875183634057963
CHEMBL130788;-1.1133392;0.1950701;0.21024919872277803
CHEMBL294702;-1.005416;0.2622316;0.1665669449149053
CHEMBL352029;-0.6822504;0.37032032;-0.3263497912458653
CHEMBL1189020;-0.5871692;0.31794646;0.47322581807280195
CHEMBL14138;-2.404561;0.10298506;0.04283320676805147
CHEMBL13811;-2.4127316;0.08921271;-0.03442638385076435
CHEMBL13866;-2.2659385;0.16917591;-0.1490348275392992
CHEMBL119263;-1.7877972;0.13208824;0.277252202394096
CHEMBL118535;-1.688701;0.13450405;0.2415430022500049
CHEMBL334986;-3.8897736;0.42033023;0.40547376790724243
CHEMBL132048;-3.3267844;0.29331827;-0.580626988444874
CHEMBL334824;-3.5079181;0.30252373;0.10137793899658698
CHEMBL130069;-2.5244508;0.16591172;-0.40751533576699117
CHEMBL89934;-2.259828;0.15506862;0.47449825565695747
CHEMBL133671;-2.6293669;0.30084547;0.11882186448821219
CHEMBL132877;-1.1259693;0.21189168;0.2808712507190806
CHEMBL130624;-3.5635517;0.32707727;-0.5046341973937443
CHEMBL131583;-2.893858;0.22518013;0.003996234674428667
CHEMBL131482;-2.1043842;0.23749392;-0.1720776202895773
CHEMBL131721;-0.44070268;0.40625447;-0.03641857794659109
CHEMBL339237;-1.961851;0.20067444;0.9618510007858276
CHEMBL335554;-1.2252682;0.24231565;0.18387555958512225
CHEMBL83;-3.0403678;0.22256392;-1.0445657332161353
CHEMBL119884;-1.9179256;0.15064152;-0.1841649292746541
CHEMBL1201356;-1.3903813;0.26658452;0.7807869269869381
CHEMBL1065;-1.3793852;0.26097977;-0.3530085268975536
CHEMBL305906;-2.3776662;0.40290007;-1.0742736343950101
CHEMBL588119;-2.6172776;0.18096364;-0.11792192619941266
CHEMBL119043;-1.8978548;0.14947851;-0.20320454991544024
CHEMBL417650;-1.4125136;0.18672161;1.30870989274491
CHEMBL331070;-2.0107894;0.17440331;0.05079455605024563
CHEMBL351641;-0.7226895;0.32873175;-1.1668922927578393
CHEMBL263574;-2.576357;0.15778774;-0.5028243582302419
CHEMBL132112;-2.3547077;0.22941686;-0.2685415725023925
CHEMBL353334;-1.9007208;0.18634412;0.5582981539098495
CHEMBL26835;-2.023527;0.14439535;1.2911331471441945
CHEMBL56;-2.3043423;0.21920927;1.6093384527790435
CHEMBL176446;-0.98810744;0.259049;-1.1291638527999295
CHEMBL176322;-1.4913594;0.2234656;-0.38399134351379804
CHEMBL52438;-2.420723;0.13144216;-1.8803070342382
CHEMBL27995;-1.9538852;0.20357017;1.3518252063115028
CHEMBL283606;-0.8536415;0.3005097;-0.030965071288164836
CHEMBL25984;-2.6126308;0.17179659;0.01057085278824843
CHEMBL14791;-1.3592024;0.33135393;-1.60690022039878
CHEMBL1194088;-3.1917267;0.27283713;0.6200178527616247
CHEMBL1178038;-3.2207434;0.29518542;0.75984557498332
CHEMBL190883;-3.1787095;0.23026271;-0.6315230110065584
CHEMBL1191011;-3.2437272;0.29734942;-0.3101558194600367
CHEMBL1185501;-0.7291665;0.32693455;0.7291665077209473
CHEMBL1178932;-1.4014978;0.25806367;0.8372264104427851
CHEMBL26975;-0.24429977;0.41768017;-0.3577602219264121
CHEMBL27763;-0.34007227;0.3329311;0.34007227420806885
CHEMBL11592;-0.48078224;0.3210064;0.5599634866768209
CHEMBL26783;-0.8561871;0.28445232;0.5551571095148518
CHEMBL283207;-0.9106922;0.31898853;-0.7882777893701984
CHEMBL56990;-1.4153136;0.3347874;1.4153136014938354
CHEMBL1183479;-0.12060411;0.38734058;0.12060411274433136
CHEMBL416747;-0.8817193;0.29031742;0.5806892955461933
CHEMBL284912;-1.9179902;0.217604;1.0149002206801754
CHEMBL28312;-0.6317464;0.30286637;0.6317464113235474
CHEMBL27991;-1.1646496;0.19615856;1.562589614423075
CHEMBL26018;-0.4433756;0.30150077;-0.43552901501008146
CHEMBL1195096;-1.3197745;0.28353155;0.6208045041402385
CHEMBL27650;-0.7260399;0.2993985;0.7260398864746094
CHEMBL423841;-1.9770448;0.05759261;-0.02295517921447754
CHEMBL280586;-0.90268415;0.22517662;0.4255628974066499
CHEMBL28287;-1.0846393;0.31374273;1.084639310836792
CHEMBL28339;-0.54316825;0.34456983;-0.9339530079735991
CHEMBL264212;-2.0018215;0.09453936;-0.9012684690476083
CHEMBL26715;-1.9149605;0.3418046;0.31290051225022353
CHEMBL280608;-0.91517913;0.30616218;0.2162091290792033
CHEMBL29835;-2.7361047;0.21662483;-1.5649252688725994
CHEMBL137642;-4.342689;0.54713035;0.19040069293994133
CHEMBL531;-2.4323285;0.15092605;1.2562372035450269
CHEMBL81623;-2.7725415;0.2652848;-0.22745847702026367
CHEMBL311378;-2.9678192;0.20781748;-0.0321807861328125
CHEMBL349824;-2.1464102;0.22808513;1.8911377217185934
CHEMBL163061;-1.4967537;0.2627858;-0.8906361337117765
CHEMBL163803;-2.9661477;0.22926855;1.0969159414781304
CHEMBL135489;-2.4663029;0.22633468;0.880842142195601
CHEMBL422453;-0.9234458;0.36330447;-0.9492930066642582
CHEMBL133375;-1.4919541;0.38064474;-0.5123672855715826
CHEMBL135490;-2.3017828;0.11719816;-0.8121605058560313
CHEMBL161947;-2.6025367;0.14314494;2.0004766869862465
CHEMBL162510;-1.7770662;0.3009489;-0.4924467134439907
CHEMBL163281;-2.2583067;0.22252928;1.3040642322751528
CHEMBL162955;-0.91320276;0.31335983;-2.1695826077126905
CHEMBL162170;-2.5485406;0.23715474;-0.4514594078063965
CHEMBL163532;-2.4460576;0.25751534;0.10561344321957389
CHEMBL137478;-1.0113668;0.30147833;-1.6118824462206542
CHEMBL440340;-2.2624013;0.16155995;0.8152433110497486
CHEMBL129676;-2.1052868;0.1897208;-1.496773154703817
CHEMBL127221;-2.7313035;0.17967442;0.822818434566785
CHEMBL128722;-2.2341218;0.1405299;0.43478125001541246
CHEMBL631;-2.7309818;0.17596182;-0.4830668526297148
CHEMBL1178971;-0.6928752;0.36090967;-1.784246048249173
CHEMBL157138;-1.3280487;0.24707992;1.6605957531647335
CHEMBL73151;-1.8652347;0.41816688;0.46729472395583116
CHEMBL164814;-1.3625308;0.27654985;-0.43038590070432425
CHEMBL129249;-2.7815282;0.20989606;-0.01781231497177016
CHEMBL339061;-2.0167434;0.22083311;-0.30547587317935365
CHEMBL56536;-1.5883228;0.33157048;1.1259247607756655
CHEMBL276013;-2.3967779;0.10198411;0.44253535883154926
CHEMBL13805;-1.9815583;0.21944651;-0.34066097182742494
CHEMBL14022;-2.0045288;0.13596293;-0.48683293292423846
CHEMBL248702;-2.5913093;0.17577003;-0.9405526400900719
CHEMBL83510;-0.5209621;0.381379;-0.9975518207754095
CHEMBL1191022;-0.87574476;0.26420984;0.12755673303026804
CHEMBL98984;-0.9543188;0.26435876;0.12824401872937985
CHEMBL142147;-2.4336677;0.106515296;0.7185003019110634
CHEMBL143744;-2.833945;0.15061721;1.0788327695393771
CHEMBL14370;-2.7550793;0.22325514;-0.2449207305908203
CHEMBL318260;-1.6516129;0.3844275;0.13706512518547798
CHEMBL267615;-2.1370509;0.3420452;-0.8629491329193115
CHEMBL1192890;-1.7860756;0.14899345;0.4243477560234228
CHEMBL1196496;-1.5054915;0.14418603;-0.33335759560480893
CHEMBL1193294;-2.0304048;0.17809874;-0.22486769896622105
CHEMBL292274;-2.8829837;0.2791715;0.8074367231472639
CHEMBL423807;-2.0548437;0.24364962;-0.5191876035584073
CHEMBL629;-3.17197;0.26644084;-0.12819064635686983
CHEMBL1628227;-2.8982143;0.19710933;-0.28334343365282555
CHEMBL71;-3.2699938;0.28200063;-0.1328691759251064
CHEMBL564;-3.1556778;0.2618442;-0.5579807207982004
CHEMBL122860;-3.252141;0.29538575;0.17295975279270737
CHEMBL80189;-2.8379476;0.21919353;0.5157283123064862
CHEMBL314213;-1.6157573;0.2589295;-0.24756551396719662
CHEMBL412876;-3.0384314;0.2288163;-0.2403221949317107
CHEMBL26427;-3.0191598;0.2195282;-0.7132339659692088
CHEMBL73430;-3.3315291;0.331804;0.8014575716350341
CHEMBL310261;-2.6672266;0.14149985;0.4641936659485464
CHEMBL76406;-2.493486;0.12443533;0.3869550737594061
CHEMBL76461;-2.1185665;0.11516842;-0.4451518269041541
CHEMBL1194098;-1.0878038;0.25198337;0.9416758049589691
CHEMBL1195960;-0.96519876;0.22845638;0.8860175092166575
CHEMBL75670;-1.1032413;0.3140074;-0.16627161979317284
CHEMBL74160;-3.4693704;0.32133794;-0.3534512801602827
CHEMBL75653;-2.8922641;0.19485079;-0.7770527528347886
CHEMBL78159;-3.4538019;0.34577316;0.20094883936617602
CHEMBL77992;-3.0334656;0.20647879;-0.36447438481644623
CHEMBL76132;-2.6778448;0.13921157;0.0343920863159366
CHEMBL74892;-2.6162522;0.13923663;-0.29756166846953214
CHEMBL13770;-2.5747182;0.13104351;0.043239319880962857
CHEMBL14089;-2.5788457;0.12181704;-0.17702911630786744
CHEMBL13979;-2.8170207;0.20954706;-0.021828436058910494
CHEMBL442;-0.18994284;0.42361298;0.3012018760785819
CHEMBL1732;0.2528746;0.5168902;-0.07176002740223744
CHEMBL418717;-2.814817;0.2010054;0.7356357057040843
CHEMBL276271;-2.04049;0.18242502;-0.7229380815298563
CHEMBL269160;-2.3269413;0.13825105;-0.586872600628956
CHEMBL275539;-2.2515624;0.19337015;0.3594677542583722
CHEMBL13464;-1.8440062;0.11201206;-0.47821311397067445
CHEMBL13588;-2.151938;0.2030496;-0.7113848985420868
CHEMBL429051;-1.4417298;0.1703693;0.2656385249561597
CHEMBL275873;-1.3075988;0.18966421;-0.12376493488957818
CHEMBL13816;-1.1414088;0.23212604;-0.6367424493048472
CHEMBL273526;-1.5018277;0.16021873;0.10388770815535509
CHEMBL267799;-1.4143068;0.15837054;-0.07705493399998309
CHEMBL14048;-1.8243283;0.19741967;0.6782002676588592
CHEMBL516;-3.343965;0.32061568;1.2576052228836012
CHEMBL534;-2.5972123;0.2735405;-0.807108152616018
CHEMBL357341;-2.7591615;0.13818188;-0.24083852767944336
CHEMBL81665;-2.6085198;0.20504831;-0.3914802074432373
CHEMBL84942;-1.6221374;0.13647813;-0.8830125509898887
CHEMBL276928;-2.7328498;0.14050078;0.43181984068550605
CHEMBL15909;-2.3220086;0.10859074;-0.5230894302425284
CHEMBL75642;-2.4332573;0.14276561;1.1322273457209064
CHEMBL83597;-2.2339365;0.09254563;0.7154226083551447
CHEMBL42;-2.9595904;0.2422438;-0.03755245650708261
CHEMBL728;-2.5496771;0.15992165;-0.4280464717286674
CHEMBL306134;-2.5473359;0.23929344;-1.4526641368865967
CHEMBL344995;-2.6186662;0.14915001;-1.381333827972412
CHEMBL341474;-2.2649236;0.1330726;0.12504448613904673
CHEMBL327197;-2.7544472;0.1557698;0.8050572151110686
CHEMBL6437;-2.7520807;0.23742084;-0.18843580599274778
CHEMBL654;-2.6192336;0.11274423;-0.3807663917541504
CHEMBL129387;-2.5871346;0.18518096;-0.5889566593700124
CHEMBL153036;-3.1221452;0.23078103;0.12214517593383789
CHEMBL295467;-2.8005118;0.16473436;-0.19948816299438477
CHEMBL445;-3.206157;0.26183125;-0.06521990282363976
CHEMBL128;-2.119651;0.3379082;-0.7388861183917825
CHEMBL1189894;-0.98786837;0.25055262;-0.01213163137435913
CHEMBL15245;-1.8419957;0.16254824;-0.25837482902259223
CHEMBL1909065;-2.348854;0.58849716;1.4550923028834628
CHEMBL1194099;-1.5049636;0.13125035;-0.01355030347957209
CHEMBL162449;-2.3529322;0.13990267;0.4778709513452384
CHEMBL358168;-2.8250272;0.13515973;-0.1749727725982666
CHEMBL1729;-2.1570084;0.29572484;-1.2946245379568686
CHEMBL152330;-2.853646;0.15350036;-0.14635396003723145
CHEMBL356621;-2.8613498;0.18919088;-0.13865017890930176
CHEMBL358939;-2.8382041;0.1794412;-0.16179585456848145
CHEMBL152707;-2.8806872;0.17262176;-0.11931276321411133
CHEMBL344178;-3.3306043;0.3184576;0.33060431480407715
CHEMBL136123;-3.0575683;0.2299188;0.05756831169128418
CHEMBL136588;-2.941405;0.19970913;-0.05859494209289551
CHEMBL136067;-2.794787;0.12670577;-0.20521306991577148
CHEMBL136060;-2.800273;0.15405862;-0.19972705841064453
CHEMBL435591;-2.9522305;0.21944559;-0.04776954650878906
CHEMBL136458;-2.9313254;0.19264314;-0.06867456436157227
CHEMBL342200;-2.8863602;0.17375307;-0.11363983154296875
CHEMBL434228;-2.7745025;0.15684658;-0.22549748420715332
CHEMBL137903;-2.9102514;0.18878576;-0.08974862098693848
CHEMBL424658;-2.7724118;0.17878842;-0.22758817672729492
CHEMBL430717;-2.8767984;0.16435792;-0.12320160865783691
CHEMBL335731;-2.6261685;0.17939806;-0.37383151054382324
CHEMBL123128;-2.6303287;0.1375763;-0.3696713447570801
CHEMBL136561;-2.987636;0.17011468;-0.012363910675048828
CHEMBL136627;-2.7216005;0.1570845;-0.2783994674682617
CHEMBL136482;-2.7776074;0.16387546;-0.22239255905151367
CHEMBL342671;-2.8516443;0.1699027;-0.14835572242736816
CHEMBL337371;-2.799393;0.13334985;-0.2006070613861084
CHEMBL137598;-2.47127;0.21651278;-0.5287299156188965
CHEMBL1226;-2.687913;0.20833209;-0.3120870590209961
CHEMBL136426;-2.8211143;0.20051494;-0.17888569831848145
CHEMBL343364;-2.9626827;0.21237025;-0.03731727600097656
CHEMBL136684;-2.9347982;0.17816189;-0.0652017593383789
CHEMBL292943;-2.795553;0.15428701;-0.5054770266850994
CHEMBL1193088;-1.6368203;0.1267996;0.2218469683438793
CHEMBL1193693;-1.436365;0.20189469;-0.432866711376789
CHEMBL1188691;-0.9717872;0.26338464;0.017544704839850045
CHEMBL637;-2.4766626;0.11719433;-0.5233373641967773
CHEMBL162215;-2.3763611;0.1568022;1.097607530715262
CHEMBL97982;-1.7664845;0.08707327;0.06751449464164239
CHEMBL95226;-1.9572433;0.15043892;-0.18888471235212734
CHEMBL136375;-2.8365567;0.16879664;-0.16344332695007324
CHEMBL6966;-3.0305452;0.34387287;-0.44946170827697474
CHEMBL315773;-2.321153;0.1752592;-0.678847074508667
CHEMBL296419;-2.3664532;0.09534909;-0.5183421931726135
CHEMBL98932;-0.6556508;0.3089065;-1.9241328021107371
CHEMBL319132;-1.5592449;0.18972528;1.6841836077478263
CHEMBL1193293;-1.0940212;0.26388234;0.09402120113372803
CHEMBL2158704;-1.958162;0.17542353;-1.7742318097115795
CHEMBL341743;-2.3659081;0.13330992;-1.560537201913848
CHEMBL280000;-2.5076396;0.14167398;0.030518391810488765
CHEMBL278917;-2.3262262;0.12309213;-0.497899599480514
CHEMBL430122;-1.8154482;0.24859607;-0.5519077560861385
CHEMBL274922;-2.4525633;0.2059787;1.2221143644493626
CHEMBL279646;-2.453283;0.15496941;0.45328307151794434
CHEMBL2079627;-2.340993;0.12514961;-0.22367313670081979
CHEMBL280314;-2.4389372;0.13536279;-0.2600328171411945
CHEMBL15961;-2.325636;0.13000995;-0.15148534468548291
CHEMBL15855;-2.4050355;0.2147915;-0.19702449556990587
CHEMBL15837;-2.1482253;0.14031582;0.44925530312858086
CHEMBL15808;-2.0001025;0.21733025;-0.9029874670029305
CHEMBL146735;-2.855499;0.22682709;-0.1445009708404541
CHEMBL15928;-3.195751;0.30041385;0.6019112906856963
CHEMBL147503;-1.9434553;0.31396508;0.5817275024604955
CHEMBL147071;-2.4228241;0.2497205;0.6669492886909116
CHEMBL15965;-2.3895075;0.19191961;0.18538754946382596
CHEMBL279320;-2.54655;0.122106425;0.1791941144506657
CHEMBL16035;-2.1373985;0.21933725;0.7060347172100312
CHEMBL15139;-1.4181776;0.19821286;-0.3376972509971987
CHEMBL151894;-3.038641;0.2896349;0.1935429359378915
CHEMBL155619;-2.940256;0.19425413;-0.05974388122558594
CHEMBL150958;-3.0819385;0.26337454;0.08193850517272949
CHEMBL153082;-2.7137055;0.21959534;-0.28629446029663086
CHEMBL150442;-3.1478705;0.27570248;0.14787054061889648
CHEMBL194305;-2.4980319;0.27595258;-0.1354366009500696
CHEMBL18785;-1.4121574;0.40830982;0.8100974250157266
CHEMBL7257;-2.6231985;0.23801842;1.5818058240580837
CHEMBL366459;-1.2134739;0.19374524;1.028782485236173
CHEMBL172363;-0.34498513;0.3830254;-0.6009755761285329
CHEMBL433972;-2.0135212;0.13993543;-0.12635789194322866
CHEMBL367723;-1.8953625;0.18978304;-0.05108976863703529
CHEMBL143110;-1.944433;0.18539599;-0.22288436088648167
CHEMBL172601;-0.6718436;0.26763165;-0.29382838286790347
CHEMBL367435;-0.36938146;0.37720883;0.06835146190323377
CHEMBL424125;-0.8632932;0.30435258;0.6872019118732738
CHEMBL277302;-1.2717803;0.32379898;-0.5316768631917486
CHEMBL171181;-1.0043331;0.29300013;0.47541643818822665
CHEMBL425134;-1.1747092;0.24621458;-0.43059584528203954
CHEMBL172556;-0.6036415;0.31711483;-0.1701449349714279
CHEMBL342518;-1.0743513;0.21832149;0.21102845060952458
CHEMBL144445;-0.89689153;0.26980582;0.3405890335611734
CHEMBL357176;-0.9974806;0.21798667;0.0836667188862722
CHEMBL143728;-0.73187804;0.28254005;0.16367631815407435
CHEMBL267222;-0.50626993;0.34646985;-1.7005559442386362
CHEMBL8507;-1.9221195;0.1198603;-0.21775958814836782
CHEMBL8524;-1.6858906;0.14565411;-0.43138074027398954
CHEMBL8453;-1.7135179;0.22889002;-0.4537994304665598
CHEMBL269612;-0.46511132;0.3895336;0.16408131958641553
CHEMBL417421;-1.6686877;0.3173433;-0.13476941442313284
CHEMBL8589;-2.063684;0.14428608;-1.9363160133361816
CHEMBL147678;-1.2500646;0.2578304;0.517670851611968
CHEMBL114713;-1.8187184;0.22437686;0.49857214726907295
CHEMBL64671;-3.1555362;0.26733845;0.310438134759913
CHEMBL1193894;-0.86022955;0.2856433;0.24744569507240932
CHEMBL93403;-1.356836;0.4942792;-0.9855867194803483
CHEMBL286725;-2.4660294;0.13498706;3.5117868961545473
CHEMBL147483;-1.9223927;0.21123865;0.44527147122485666
CHEMBL95860;-1.6419532;0.12498208;-0.05701677443184394
CHEMBL52939;-1.2609338;0.29109427;-1.739066243171692
CHEMBL100086;-2.246757;0.33119893;1.9043343496648544
CHEMBL99124;-0.7570671;0.31676504;-0.5216865166403899
CHEMBL2158719;-3.2647707;0.38014087;1.3573593854564927
CHEMBL339015;-2.3162203;0.19687864;0.17320548325420582
CHEMBL344202;-3.1149666;0.2913057;0.6827993614930805
CHEMBL95641;-2.759852;0.26038486;0.6879699252195097
CHEMBL266534;-2.0886385;0.14884926;0.34122673619621846
CHEMBL266765;-2.0714447;0.14994693;0.5745151017589385
CHEMBL8593;-1.5748197;0.2369345;0.31236859429819597
CHEMBL145432;-1.0058688;0.2532087;-0.742319234472326
CHEMBL8617;-1.285759;0.2779656;1.1396309364897308
CHEMBL285010;-1.6526027;0.27304727;0.8075046325626475
CHEMBL1178987;-1.3552697;0.37691176;0.05423967482246894
CHEMBL1183429;-2.805829;0.22250526;0.8515865387174135
CHEMBL132970;-2.821988;0.29126862;-0.8184933311964961
CHEMBL422283;-2.658772;0.17080145;1.7137960833176882
CHEMBL334498;-1.0893973;0.36570916;-0.7085623325265638
CHEMBL137486;-0.9053993;0.3033351;-0.9271095901964708
CHEMBL137643;-1.5872543;0.50098985;-0.8869619782638778
CHEMBL135335;-3.8169906;0.36978292;-1.0936337909518237
CHEMBL11265;-1.3790354;0.22936419;-1.2110333180882704
CHEMBL147387;-1.457433;0.22062682;-0.823600381941942
CHEMBL343432;-0.92208844;0.35524657;-0.8103053155900279
CHEMBL171974;-2.1044524;0.15062787;0.3570405637108669
CHEMBL148055;-1.4603102;0.19476068;0.19785913098795427
CHEMBL175300;-0.94996417;0.250582;0.8038361300093231
CHEMBL147440;-0.8594262;0.28283593;-0.4193274005629668
CHEMBL140406;-0.80827767;0.26255348;1.2642096222184804
CHEMBL108942;-2.5113378;0.1776006;0.38423295874578756
CHEMBL325565;-2.2528646;0.12340505;-0.18010469164650056
CHEMBL111760;-2.350565;0.12504214;0.5512244072114574
CHEMBL324637;-1.6903012;0.17260116;-0.2874224254029838
CHEMBL320587;-2.5744889;0.27219102;-0.044604452376620696
CHEMBL107503;-1.9778172;0.16053388;-0.2602289253562735
CHEMBL341893;-1.629617;0.19839036;0.45352571672862063
CHEMBL176819;-1.6818081;0.19456583;-0.4825447417326183
CHEMBL147861;-1.6245561;0.22008361;1.3480942604324688
CHEMBL148186;-0.42410472;0.35274333;0.1274395300925491
CHEMBL144417;-0.9079349;0.30900812;-1.2381931315797274
CHEMBL107921;-1.5824243;0.12558642;-0.48203370619926966
CHEMBL108858;-2.9320977;0.21871504;0.43933728438930064
CHEMBL323242;-2.2701657;0.14295962;0.13983191334398315
CHEMBL109263;-2.5001237;0.13878582;-1.2249707818389153
CHEMBL325079;-1.8299979;0.22534496;0.10572202754734317
CHEMBL325092;-1.8109988;0.17891647;-0.15278902992886856
CHEMBL108245;-1.8034533;0.207166;0.11325724619676714
CHEMBL127959;-2.4944406;0.16694275;-0.1868006818030774
CHEMBL129293;-1.9926916;0.27750134;-0.08648960996211441
CHEMBL349776;-1.2596661;0.2828141;-1.1434544359325929
CHEMBL115037;-1.4760084;0.21268007;-0.6067769550942819
CHEMBL64487;-2.7847877;0.1571529;0.3076664001570464
CHEMBL273944;-1.9492356;0.15726575;0.17108430812618303
CHEMBL61747;-1.5676225;0.15695177;-0.18056548462491384
CHEMBL154787;-0.5947757;0.33061278;0.6916856897353512
CHEMBL328203;-2.279771;0.32852912;0.6463026339742464
CHEMBL136121;-3.2019858;0.2806422;0.503015831693034
CHEMBL136548;-1.43211;0.34521505;-1.6784797583262874
CHEMBL99177;-2.4305022;0.13603675;-0.56949782371521
CHEMBL38288;-2.4250772;0.19286335;0.3108833653678391
CHEMBL359245;-1.6685777;0.2364021;-0.5046085973612486
CHEMBL2158718;-2.0063577;0.35195535;0.016907852163630332
CHEMBL173190;-0.8185818;0.263635;1.1025784758995025
CHEMBL174300;-0.7783811;0.32717973;0.5135632862281344
CHEMBL172161;-0.29038972;0.35851428;-0.6540929555249552
CHEMBL8536;-0.4696463;0.35520133;-0.47483636730435885
CHEMBL8644;-1.0936052;0.25620413;-0.10229449169603799
CHEMBL26929;-0.35605717;0.3209924;0.3571442626944368
CHEMBL368477;-0.62009954;0.28163168;1.0290349374986474
CHEMBL174083;-0.80788696;0.2610055;0.7548085146388338
CHEMBL174554;-0.44760734;0.30875874;-0.6663360138783394
CHEMBL28209;-0.61510843;0.32983953;0.3770623272567942
CHEMBL309811;-1.674396;0.32109663;1.0723360467274574
CHEMBL130906;-0.98817027;0.23295175;-0.2671022389518778
CHEMBL27429;-1.8367764;0.27702692;1.5357463801065876
CHEMBL132500;-1.6626525;0.22791645;0.6626524925231934
CHEMBL338946;-1.6749295;0.27016708;0.6335368144679348
CHEMBL337292;-1.0843114;0.20829535;-1.2581113147409684
CHEMBL131261;-0.89216584;0.23859076;0.5911358440081074
CHEMBL311383;-0.80157053;0.25086212;0.43984269868852294
CHEMBL59940;-1.5313855;0.17344351;0.30093661958394513
CHEMBL76110;-0.7002243;0.28802174;-1.4729619880549132
CHEMBL440302;-0.4565672;0.3035838;-1.4465227889538423
CHEMBL110968;-1.6349007;0.1607879;0.43078070646913624
CHEMBL75582;-0.8154185;0.26656586;-1.1124649285039248
CHEMBL107486;-1.068026;0.19158255;-0.16242297476114764
CHEMBL10366;-2.1783247;0.17222321;0.13693201424363055
CHEMBL10640;-2.0382752;0.17626439;0.260123991468163
CHEMBL10907;-3.4453423;0.30035213;-0.3935067884148675
CHEMBL269458;-1.5137731;0.18673655;-0.3313249563274283
CHEMBL346116;-2.2267103;0.20050497;-0.9267996697817944
CHEMBL347623;-0.080505446;0.49302077;0.38153544126353717
CHEMBL346143;-2.1981049;0.16576263;-0.3884824462733176
CHEMBL157122;-1.2693772;0.2377905;0.792255976878238
CHEMBL12028;-0.10787619;0.44415972;0.6307549343333962
CHEMBL157059;-2.2099442;0.43119052;-0.4864121405338695
CHEMBL154964;-1.5897348;0.18588628;0.20952355099774467
CHEMBL350659;-2.3191483;0.21010502;1.4740502620639901
CHEMBL155181;-0.3145428;0.3480476;0.20059944788122785
CHEMBL153923;-1.8702493;0.22632277;0.09939725975067804
CHEMBL154524;-2.2718449;0.16033986;0.6090870322100275
CHEMBL440599;-0.10622281;0.47686672;0.027041562313428663
CHEMBL153842;-1.1798306;0.29798922;-1.5285903489872519
CHEMBL31354;-1.0690305;0.31257072;0.9601273956328575
CHEMBL321184;-2.3588865;0.11815259;-0.12825189514576563
CHEMBL326017;-0.9644096;0.25548804;0.024890337148837705
CHEMBL13647;-2.0130768;0.25116074;1.6328655405149566
CHEMBL26426;-2.0423908;0.2284992;0.49832277901398214
CHEMBL75431;-1.1111133;0.32035738;-0.2111059848736898
CHEMBL312139;-2.0706344;0.13799289;1.479569758055288
CHEMBL108241;-1.40962;0.22263673;0.5104837959164743
CHEMBL276378;-2.369271;0.22647966;-0.19893068410422643
CHEMBL174703;-0.68462855;0.27862242;0.6512047907509959
CHEMBL346286;-1.871169;0.16275175;-0.11560276320453822
CHEMBL154408;-1.6805634;0.22113864;0.05731415946171858
CHEMBL143372;-2.1178184;0.20244873;-0.11568540478083156
CHEMBL358316;-2.8246374;0.15575317;0.9559929746300768
CHEMBL137679;-2.6873293;0.1173204;-0.3126707077026367
CHEMBL343283;-2.9171348;0.24677691;0.6866858404320286
CHEMBL95977;-2.9896982;0.26511997;-0.010301828384399414
CHEMBL319600;-2.9555316;0.2057306;-0.04446840286254883
CHEMBL100260;-2.8173327;0.2035152;0.6902279462335805
CHEMBL95981;-1.6278977;0.23710291;-1.3721022605895996
CHEMBL316929;-2.8003957;0.16154204;-0.20090520586282512
CHEMBL97623;-2.8860009;0.16992258;-0.1139991283416748
CHEMBL95744;-2.3754194;0.13945585;-0.6245806217193604
CHEMBL97198;-1.4737778;0.16571335;-1.5262222290039062
CHEMBL97711;-1.8647933;0.22667472;-0.34739430377529557
CHEMBL95310;-2.0064478;0.21809277;0.43824606798622767
CHEMBL723;-2.3868394;0.2573368;1.620426542688626
CHEMBL95832;-1.8500414;0.27467892;0.560006778102814
CHEMBL316490;-1.5013167;0.18315862;0.44441181526661566
CHEMBL319937;-1.2600701;0.19714494;0.009650083216618643
CHEMBL318857;-1.2987378;0.18286802;0.33494993701296527
CHEMBL19236;-2.998594;0.27184498;0.15219507260436327
CHEMBL79379;-2.479565;0.15579636;-0.520435094833374
CHEMBL335504;-1.3083805;0.30423027;0.44804247800999997
CHEMBL273490;-2.4725366;0.24490659;-0.20261829197041736
CHEMBL479;-2.5101318;0.34144258;0.7319805855538564
CHEMBL131307;-1.4915035;0.19635168;0.5372609676572329
CHEMBL10963;-1.8345392;0.1469671;0.1355691706975506
CHEMBL10194;-3.8360617;0.38463733;-0.46496827958426934
CHEMBL2376491;-2.867324;0.21136567;-0.1326758861541748
CHEMBL2376490;-2.5902438;0.12025887;-0.4097561836242676
CHEMBL2376482;-2.6805673;0.19376709;-0.138976670984984
CHEMBL364005;-2.9802575;0.20519395;0.16071357559704724
CHEMBL2376483;-2.7077277;0.15299208;-0.29227232933044434
CHEMBL2376484;-2.4827502;0.19717756;-0.5172498226165771
CHEMBL2376487;-2.9096541;0.3607661;-0.03973586617250069
CHEMBL1550957;-2.7110224;0.1646624;-1.0448524786583318
CHEMBL153533;-2.868325;0.16015798;-0.13167500495910645
CHEMBL153504;-2.9826214;0.19278839;-0.017378568649291992
CHEMBL762;-2.3445327;0.23367096;1.595569866939029
CHEMBL357995;-1.9023345;0.24406356;-0.5241768096891604
CHEMBL1196727;-0.9756574;0.25259817;0.1832657139708318
CHEMBL1192886;-0.86023927;0.27700815;0.17004318732072943
CHEMBL1188603;-0.9716599;0.28912044;0.6292372179357283
CHEMBL359345;-2.9530768;0.19801834;-0.046923160552978516
CHEMBL118379;-2.0142257;0.232079;-0.10995233411542227
CHEMBL153532;-2.857726;0.17235729;-0.1422739028930664
CHEMBL2158728;-2.079974;0.127656;-1.0272360335669357
CHEMBL422024;-2.4293396;0.13278863;0.5485260550122992
CHEMBL348657;-2.701705;0.1986196;-0.2982950210571289
CHEMBL153086;-3.017018;0.24538212;0.01701807975769043
CHEMBL358474;-2.932088;0.17343357;-0.06791210174560547
CHEMBL1193493;-0.89401793;0.26561612;0.29195794347123194
CHEMBL1191021;-0.99567163;0.24393521;-0.8105083440781864
CHEMBL2158722;-2.6950543;0.14840236;0.9198080329385967
CHEMBL132901;-1.1320832;0.1771876;-0.4477004190502816
CHEMBL434619;-1.4434112;0.14055216;0.028437883070136616
CHEMBL424266;-1.2582273;0.1975376;0.17904610228001183
CHEMBL130290;-1.2554758;0.14223063;0.47732450912258195
CHEMBL130035;-1.8963099;0.1478356;-0.24981818307814052
CHEMBL132825;-1.5946269;0.1970639;-0.3244511888421384
CHEMBL10875;-2.3253999;0.13540268;0.3711573662015444
CHEMBL418526;-1.9209863;0.16842122;-0.3094626266318752
CHEMBL264472;-3.872693;0.3941646;-0.428336933835368
CHEMBL2158717;-2.7833784;0.2625814;0.6101920942433656
CHEMBL130036;-1.1695973;0.14890191;0.0556539157977165
CHEMBL129924;-2.1692579;0.10948262;0.383928044246435
CHEMBL10692;-3.8342676;0.413845;-0.4667623793920086
CHEMBL1201216;-2.4000726;0.22646476;-0.9137946457536748
CHEMBL1199671;-1.9850633;0.39335775;2.7178915860348525
CHEMBL281350;-2.982002;0.2405114;-0.01799798011779785
CHEMBL422504;-2.8648767;0.25570834;-0.13512325286865234
CHEMBL151420;-2.6802053;0.15050845;-1.0187646591822097
CHEMBL151695;-3.7182276;0.40025255;-0.2817723751068115
CHEMBL15933;-2.7770646;0.14696336;-0.22293543815612793
CHEMBL85;-1.4599038;0.26637432;-1.472739013296379
CHEMBL83195;-1.3416346;0.3055182;0.8101557141146662
CHEMBL359447;-3.006893;0.26303953;1.0068929195404053
CHEMBL443762;-3.620946;0.38504806;-0.2241521095332999
CHEMBL152223;-2.5685313;0.11909246;-0.4253456401456792
CHEMBL155427;-2.586661;0.22280984;0.03643274733247903
CHEMBL347179;-0.57304513;0.31193933;0.05453119466648515
CHEMBL345628;-2.8863316;0.19697274;0.22357372654596475
CHEMBL154690;-1.575701;0.2383364;-0.23721235833658127
CHEMBL12177;-1.351061;0.37453526;0.5185520738126236
CHEMBL156778;-2.290888;0.17961715;-0.06322036808722009
CHEMBL153756;-2.9397018;0.23350064;-0.06029820442199707
CHEMBL1181152;-2.8066878;0.24432682;-1.391969255075761
CHEMBL91;-4.1884494;0.4440975;0.12881024445825773
CHEMBL808;-3.9871583;0.52667314;-0.22173968700093472
CHEMBL1262;-3.66259;0.36368015;-0.08384176548677624
CHEMBL267014;-2.375694;0.14482862;-0.6243059635162354
CHEMBL356068;-2.3135486;0.10472546;-0.9640606493932022
CHEMBL358213;-2.8794076;0.18179256;-0.12059235572814941
CHEMBL152930;-3.0129554;0.20120215;0.012955427169799805
CHEMBL134;-3.4800274;0.34389347;-0.2495422890918868
CHEMBL141824;-2.8269231;0.16812974;0.6076006235234122
CHEMBL356400;-2.796814;0.17945881;-0.20318603515625
CHEMBL104;-2.881547;0.20421739;-1.3661317553885288
CHEMBL344084;-2.439829;0.1435754;0.03328893066528815
CHEMBL356482;-3.1224813;0.19925265;0.1224813461303711
CHEMBL25800;-3.1324127;0.2636079;-0.5918631975579425
CHEMBL19215;-1.9797069;0.1886793;1.188718408341665
CHEMBL1192279;-0.731865;0.27214378;-1.6583633736652663
CHEMBL431096;-2.4638305;0.13302034;-0.0303241229796245
CHEMBL99523;-2.1499977;0.15924424;-0.5693335758020859
CHEMBL97618;-2.2077606;0.19159628;-0.2679106158909579
CHEMBL329283;-2.5974917;0.17484477;0.23576390516282686
CHEMBL318912;-1.963861;0.18783866;-0.29381758625224164
CHEMBL318926;-1.973364;0.16889307;-0.20272726350361836
CHEMBL95837;-2.409646;0.13449866;0.7573996932373994
CHEMBL142825;-3.0087836;0.19303457;0.6585355605385179
CHEMBL346882;-2.91924;0.16591476;-0.08076000213623047
CHEMBL342119;-2.8683012;0.17351034;0.5544339328138301
CHEMBL348235;-2.6260743;0.16713662;-0.37392568588256836
CHEMBL153127;-3.0471582;0.23534338;0.047158241271972656
CHEMBL359284;-2.9064074;0.2055068;-0.09359264373779297
CHEMBL347298;-3.0250819;0.20119156;0.025081872940063477
CHEMBL348704;-2.9696178;0.19581492;-0.030382156372070312
CHEMBL59942;-2.603325;0.13421257;-0.24177314987753817
CHEMBL291824;-1.5299578;0.27125072;-1.072102220026693
CHEMBL302904;-1.5165985;0.19603705;-0.32849957695578524
CHEMBL61682;-2.4189134;0.12181951;1.1178833687464191
CHEMBL61657;-2.0809188;0.19664255;1.080918788909912
CHEMBL60957;-1.4419637;0.2552674;-1.160096318690023
CHEMBL302183;-2.5595183;0.116671085;0.5595183372497559
CHEMBL143218;-2.2632587;0.19925305;-0.45698332268464004
CHEMBL61479;-3.4692278;0.2964014;-0.8529915039014009
CHEMBL416506;-2.9206612;0.24619451;-1.079338788986206
CHEMBL152914;-2.7292;0.13113646;-0.2708001136779785
CHEMBL150959;-2.8267677;0.18153702;-0.1732323169708252
CHEMBL153735;-2.98196;0.22369581;-0.018039941787719727
CHEMBL151140;-2.9899871;0.16695045;-0.01001286506652832
CHEMBL423407;-2.996558;0.24735671;-0.003442049026489258
CHEMBL149626;-3.0056984;0.1986463;0.005698442459106445
CHEMBL30008;-2.9264834;0.16935046;-0.7050618351188551
CHEMBL62994;-3.7269351;0.41144085;-0.27306485176086426
CHEMBL64344;-1.6141788;0.18270855;-0.2370795719780474
CHEMBL60267;-1.9595761;0.16468653;0.5282123657543427
CHEMBL61539;-3.3239906;0.37338114;-1.0184320974024068
CHEMBL490;-2.814438;0.17994139;-0.1855618953704834
CHEMBL60814;-2.3553414;0.10139976;0.5040830857596845
CHEMBL279586;-1.6179684;0.16573375;0.049766715988852184
CHEMBL141077;-2.7437885;0.15245837;-0.16276203834278302
CHEMBL348492;-2.660788;0.21386099;-0.33921194076538086
CHEMBL348005;-3.0082016;0.18317018;0.00820159912109375
CHEMBL153185;-2.804828;0.15504497;-0.19517207145690918
CHEMBL155037;-2.7476337;0.1870003;-0.252366304397583
CHEMBL357051;-2.7418864;0.21094766;-0.2581136226654053
CHEMBL356403;-2.9757116;0.17299739;-0.024288415908813477
CHEMBL152254;-2.924877;0.16807081;-0.07512307167053223
CHEMBL300150;-2.2483218;0.21533294;0.08695376938672927
CHEMBL58601;-2.0607326;0.11476493;-0.04985710722612868
CHEMBL120216;-2.408;0.087555945;0.2290230450774362
CHEMBL62829;-2.5292594;0.14236715;0.05213818856341845
CHEMBL345277;-2.8347824;0.16394402;-0.16521763801574707
CHEMBL152141;-2.987487;0.22097923;-0.012512922286987305
CHEMBL150397;-3.0513783;0.20359129;0.05137825012207031
CHEMBL152935;-2.9938543;0.1888148;-0.0061457157135009766
CHEMBL347754;-3.0036607;0.18309471;0.0036606788635253906
CHEMBL331304;-2.186525;0.18852355;-0.24160968759873525
CHEMBL291380;-2.5464156;0.13417116;-0.40782694204125347
CHEMBL356993;-2.529108;0.19805229;0.007969963781315759
CHEMBL152990;-2.7409132;0.12193585;-0.25908684730529785
CHEMBL149641;-2.8371062;0.16733234;-0.16289377212524414
CHEMBL299046;-1.7002963;0.25490022;-0.7980142710213509
CHEMBL61304;-2.2134244;0.25776765;-0.4035758969222907
CHEMBL149855;-2.8107347;0.1827867;-0.18926525115966797
CHEMBL149970;-2.8992639;0.16651604;-0.10073614120483398
CHEMBL356849;-2.775605;0.1395843;-0.2243950366973877
CHEMBL84240;-2.3518453;0.31209788;-0.6481547355651855
CHEMBL150562;-2.7687676;0.14248705;-0.2312324047088623
CHEMBL149694;-2.9650495;0.14767258;-0.03495049476623535
CHEMBL436069;-2.9125347;0.23671564;-0.08746528625488281
CHEMBL153093;-2.751468;0.18190697;-0.24853205680847168
CHEMBL153274;-2.9635425;0.20100474;-0.03645753860473633
CHEMBL420;-3.2768884;0.34698942;-0.03866216390798893
CHEMBL1909072;-2.6627777;0.20337832;-0.5881300374236345
CHEMBL2158727;-1.5737941;0.20417811;-2.284743071059019
CHEMBL2158726;-2.3193457;0.47906768;-0.9501672315561729
CHEMBL2158725;-2.6960535;0.21846879;-1.3251357941260906
CHEMBL2158723;-2.5004292;0.22773787;-1.3171362161173978
CHEMBL2158721;-3.2507272;0.3237447;2.150356631548697
CHEMBL2158720;-3.0302546;0.2808907;1.0580517640531866
CHEMBL2158797;-3.1326392;0.33634654;0.36921117613005583
CHEMBL2158715;-2.4072175;0.20067333;-2.312941800811963
CHEMBL2158716;-3.9301395;0.46862364;1.7260195589700515
CHEMBL22960;0.24225101;0.6690636;0.643805638944155
CHEMBL281575;-0.27765286;0.45596895;0.9352301788655989
CHEMBL22961;-0.3869987;0.38296473;0.05861910957777233
CHEMBL22744;-0.3092655;0.44285065;0.04681440461618924
CHEMBL21862;-0.51888967;0.40535355;0.162863808410515
CHEMBL17828;-0.7976048;0.35433498;0.3412387661415869
CHEMBL277452;-0.9268005;0.2649094;-0.23456751280931565
CHEMBL278610;-0.6601058;0.308824;-0.595166680632786
CHEMBL22553;-1.3277909;0.19594142;1.026760860697408
CHEMBL300849;-2.1831636;0.2503114;1.1417709577250759
CHEMBL59006;-2.152383;0.2569239;-0.25755003426574286
CHEMBL60872;-2.1503077;0.27026147;-0.3875114397388013
CHEMBL146942;-2.583094;0.2563576;2.185153872935018
CHEMBL39;-2.858637;0.19233078;2.4114790631554612
CHEMBL27173;-3.1782522;0.26471493;0.39292238514304145
CHEMBL1195599;-0.84151804;0.29108897;0.2617344478549306
CHEMBL1196390;-0.723407;0.3116435;0.5473157114452648
CHEMBL1188941;-0.93858314;0.31936026;-0.1405981104427665
CHEMBL1193494;-0.72658384;0.25909692;0.10333454806492914
CHEMBL1190858;-0.6093737;0.33713108;-0.7523541473197779
CHEMBL1196782;-1.5479335;0.1763253;0.5748056056822226
CHEMBL1191023;-0.76145005;0.3002475;0.28432879754169016
CHEMBL150578;-2.5731056;0.18617669;-0.4268944263458252
CHEMBL1189036;-1.7727925;0.33143136;0.47176246287025947
CHEMBL1195469;-1.1195585;0.22494425;0.3000145180180068
CHEMBL1193895;-1.2538472;0.19074066;-0.32593635521513753
CHEMBL1188950;-0.64334303;0.3562895;0.02009374100850214
CHEMBL1188853;-0.9002757;0.2593242;0.32049211062806293
CHEMBL423361;-0.60819507;0.31002977;0.28597577171810706
CHEMBL342198;-0.6624067;0.393125;-0.11934869168432927
CHEMBL137298;-0.42922854;0.3357931;0.238896846064938
CHEMBL139205;-1.0731769;0.3373466;-0.4831256399579611
CHEMBL42228;-2.450152;0.18206881;-2.1933007561675844
CHEMBL153716;-2.7355595;0.18637586;-0.26444053649902344
CHEMBL153391;-2.911653;0.22666742;-0.08834695816040039
CHEMBL1108;-2.9725034;0.24571814;0.5886880577103648
CHEMBL54;-3.062847;0.31250548;-0.6168664530169452
CHEMBL267930;-2.7345905;0.21027926;0.6445795063883608
CHEMBL366388;-2.5406446;0.33872557;0.2184253509569989
CHEMBL2158794;-3.0600007;0.20806289;1.3833070484104117
CHEMBL58283;-1.2413294;0.18924086;1.2413294315338135
CHEMBL293364;-1.7919328;0.5708929;-0.2333730439909667
CHEMBL1189533;-1.1320934;0.2477014;0.17305203724433604
CHEMBL1193896;-1.8238488;0.24193826;0.6477575845188428
CHEMBL1191238;-2.4388304;0.29428855;-0.2935633841515819
CHEMBL305866;-0.97551733;0.23073196;-0.2797551725494425
CHEMBL77049;-2.959734;0.1905;-0.6102599245547529
CHEMBL309046;-3.270955;0.2821945;0.3071672584088394
CHEMBL306141;-3.4839187;0.3335916;-0.054164700973895474
CHEMBL431000;-2.2170043;0.23316295;-1.4581872571051377
CHEMBL177031;-2.2945545;0.22436863;-0.4359586406996945
CHEMBL368061;-2.6068127;0.2335713;-0.09705161053667233
CHEMBL307037;-2.5757532;0.15870301;-0.6978498646154385
CHEMBL424235;-2.479134;0.21885438;0.7664843811669781
CHEMBL73792;-2.000762;0.16045222;-1.0152679772972149
CHEMBL72987;-1.4078578;0.2265032;-0.5833683000043235
CHEMBL57297;-2.3831542;0.15822817;-0.3810219785664781
CHEMBL333087;-1.8065075;0.102718435;-0.2748398395805607
CHEMBL118192;-1.9306699;0.13095841;0.22823936730966277
CHEMBL117556;-1.8014519;0.125364;0.059512843733813714
CHEMBL333591;-1.7579416;0.100529045;-0.07007346056339325
CHEMBL51;-2.9782279;0.21997015;-0.021772146224975586
CHEMBL336376;-1.2400742;0.23816505;0.7629529029951814
CHEMBL83625;-2.1629055;0.20286795;2.539139454501689
CHEMBL114131;-1.3528153;0.16291049;0.20052692604083266
CHEMBL114451;-1.0788249;0.20759873;0.5047936100112338
CHEMBL321591;-1.74648;0.1440158;-0.2478371645714923
CHEMBL115486;-1.1485813;0.23626758;0.4444307495633991
CHEMBL326775;-1.2765001;0.20355673;-0.11969924123788722
CHEMBL135952;-1.866253;0.3147153;-0.3841669839296826
CHEMBL49;-1.186038;0.17226057;-0.2685172165281591
CHEMBL35057;-1.1968164;0.25200257;0.1787403807511776
CHEMBL11787;-0.9370153;0.26085836;-1.9629856701247825
CHEMBL11824;-1.7061237;0.1413274;-0.7938793583730432
CHEMBL12311;-2.7740083;0.17963745;2.0741705482111232
CHEMBL12152;-1.5949795;0.3421213;0.7421946559318789
CHEMBL10658;-1.743609;0.28305492;-2.5574210440953777
CHEMBL10355;-2.216437;0.2702543;0.7393158466444734
CHEMBL10821;-2.240638;0.17321043;0.6385780263264564
CHEMBL10880;-1.8490483;0.161973;-0.4933744239481217
CHEMBL418340;-2.698604;0.16749188;-0.64381857391913
CHEMBL274306;-2.8832357;0.21757413;0.30345209636109516
CHEMBL276175;-1.6748434;0.23489732;-0.3665492546391209
CHEMBL273505;-2.629372;0.11056835;-0.8115372005802324
CHEMBL268267;-2.4176893;0.2995022;-0.5690824108409518
CHEMBL274334;-1.6350018;0.20898585;-0.26808820838934344
CHEMBL269176;-1.7940909;0.21517713;0.3169696123228791
CHEMBL115367;-1.7382538;0.31477425;1.2625826435389738
CHEMBL1191862;-0.3350112;0.35659915;-0.06292879465416956
CHEMBL278876;-1.0873381;0.35659978;1.0266402495893205
CHEMBL132783;-1.7201755;0.21420495;-1.38703446496342
CHEMBL132993;-2.4396088;0.14350033;0.29348077665391514
CHEMBL130978;-2.0863447;0.24060158;-0.43479336477093034
CHEMBL130677;-1.321599;0.39135063;-0.2098799103894231
CHEMBL128041;-2.0886507;0.22895442;0.3327758477576841
CHEMBL130822;-2.8719654;0.25359046;1.5102375723076025
CHEMBL336721;-2.8424516;0.25331342;0.2777855081661236
CHEMBL339852;-1.8227179;0.15788804;0.7813252198863307
CHEMBL83454;-0.437068;0.3912437;0.18179548043136196
CHEMBL131159;-3.890456;0.4055212;-0.06523178908608873
CHEMBL336967;-1.7276306;0.29185784;1.4266006195703937
CHEMBL131364;-0.43099076;0.39366707;-1.5776094162039032
CHEMBL132334;-1.7817125;0.48503205;-1.2046112450073085
CHEMBL337467;-0.57327646;0.316758;0.27224646450676465
CHEMBL131765;-0.432245;0.3304563;0.13121499063171888
CHEMBL334477;-1.9838997;0.33016863;0.2678963689277618
CHEMBL43513;-1.2048922;0.20452282;-1.4183571318895996
CHEMBL288930;-1.6723244;0.34748447;0.3935708180687776
CHEMBL43069;-1.46516;0.21964514;0.3083081111751671
CHEMBL38409;-0.71087885;0.32222658;0.8300652567487496
CHEMBL41536;0.06343358;0.40518957;-0.36446357576451754
CHEMBL1195421;0.29652017;0.5050331;-0.7278839377086395
CHEMBL290937;-0.87008095;0.2721962;1.5913273469231477
CHEMBL39226;-1.6715567;0.48237187;0.5576133588900627
CHEMBL289275;-2.3183765;0.35284093;0.5859827813147267
CHEMBL38747;-3.189497;0.31962803;1.457103234195586
CHEMBL10682;-2.7447193;0.35922667;-0.9795566027093097
CHEMBL10623;-3.7287347;0.39205068;-0.5722952639897869
CHEMBL10546;-3.38772;0.32441944;-0.9133098876317547
CHEMBL315925;-1.2401317;0.34270614;0.6273478790819613
CHEMBL86013;-0.738784;0.30059355;0.9326040411947932
CHEMBL41309;-1.0117091;0.24748628;-1.1344189416306918
CHEMBL559330;-1.2056873;0.32100448;-1.7943127155303955
CHEMBL43410;-1.899655;0.19011657;0.37461017743733693
CHEMBL41636;-0.68179584;0.26289576;0.2504320713360078
CHEMBL41626;-1.0358553;0.3288767;0.19075725325966897
CHEMBL441430;-1.6163499;0.16313794;-0.9747146714948829
CHEMBL36423;-2.6771362;0.13614509;1.0750761914570717
CHEMBL288450;-1.9387687;0.23603505;-0.4036539363535172
CHEMBL345237;-0.56833714;0.30947518;0.8962392845317814
CHEMBL1196985;-1.7505188;0.28057623;1.6106397124268885
CHEMBL1188094;-1.9853723;0.3274188;-1.437873569020426
CHEMBL1196503;-2.6472306;0.20304604;1.8830544927622572
CHEMBL1199651;-0.3663382;0.4054533;-1.5345748743210736
CHEMBL1199672;-0.8905781;0.26334262;-1.606351556928653
CHEMBL357266;-0.12750994;0.40170455;0.2410192115178486
CHEMBL347167;-1.1355834;0.2496504;0.9341862764058668
CHEMBL154145;-1.2318512;0.2111702;-0.023421284972385603
CHEMBL1192686;0.26570445;0.5126595;-0.09821336569772199
CHEMBL8412;-1.770687;0.5315104;0.22661893971191915
CHEMBL87294;-0.48987535;0.48408002;0.887815355094233
CHEMBL61303;-2.698824;0.18151453;0.035123003443359835
CHEMBL58282;-1.8345395;0.4232985;1.834539532661438
CHEMBL300351;-0.24826808;0.6456069;-3.0094104921312623
CHEMBL149971;-3.1571994;0.2906248;0.15719938278198242
CHEMBL1194848;-1.552268;0.38154483;0.7460880542753902
CHEMBL84107;-1.6482899;0.19725502;-0.43089132714808853
CHEMBL85137;-1.7175424;0.3013617;1.3025690619260326
CHEMBL85647;-0.35973155;0.39750975;-0.6402684450149536
CHEMBL314370;-0.86762327;0.24800304;1.0967712579158087
CHEMBL314043;-0.9876788;0.2517681;0.7572299044769812
CHEMBL314684;-0.70041907;0.3281072;-1.3787621777111378
CHEMBL621;-2.6612604;0.15165547;0.16849997741298228
CHEMBL118170;-1.8252505;0.28357643;0.03566979423663663
CHEMBL333816;-1.4979494;0.11903588;-0.3242187175668698
CHEMBL119258;-2.341824;0.120566264;-0.024412069000275594
CHEMBL117557;-2.4375303;0.12004964;0.3925987330103857
CHEMBL119400;-1.5149616;0.12639268;-1.8853345673922481
CHEMBL327152;-2.1113882;0.2186299;-0.06033824717129743
CHEMBL118174;-1.7330402;0.183259;0.2797218735378624
CHEMBL122416;-1.5487865;0.12810892;0.18895103861805884
CHEMBL120180;-1.7717785;0.114099674;0.4664270948706981
CHEMBL147226;-2.631887;0.14195798;-0.36811304092407227
CHEMBL1193086;-1.4209106;0.18706733;-0.6582706492000905
CHEMBL1188683;-1.6947175;0.2558569;0.004521446407338425
CHEMBL1191239;-1.3686001;0.18605416;0.6525967864463775
CHEMBL1193492;-1.1565672;0.2365721;0.07738596987186974
CHEMBL354210;-1.9731374;0.158497;0.5751973700205895
CHEMBL118153;-2.0209303;0.16836731;-1.3815976070519542
CHEMBL331809;-1.8309455;0.27566618;-0.49313108794871496
CHEMBL330937;-2.551257;0.18341634;0.11668799103110894
CHEMBL293292;-1.1235319;0.20057127;-0.5754380667368366
CHEMBL57606;-2.3741407;0.10419811;0.8970194847212556
CHEMBL61177;-2.368115;0.16844402;-0.381621367296356
CHEMBL60859;-2.4660978;0.10918036;0.0036998338271181375
CHEMBL1191658;-1.1290168;0.22233003;0.03559507184917843
CHEMBL131691;-1.7338812;0.17055121;0.2359844922094605
CHEMBL2112696;-1.5387969;0.23622513;0.9590133050860707
CHEMBL135623;-1.4460623;0.1623719;0.23869728896220233
CHEMBL133476;-1.2196654;0.15347801;-0.2743499666226832
CHEMBL423896;-1.7439593;0.1477096;-0.8123431930966944
CHEMBL336842;-2.2854917;0.23052543;0.7918942559402691
CHEMBL335082;-1.5755377;0.1502471;-0.17427590371334767
CHEMBL424083;-1.0364705;0.21241747;-0.21952519430510464
CHEMBL2158796;-2.6866434;0.22697335;0.16224723994144608
CHEMBL781;-3.456522;0.32354406;0.45652198791503906
CHEMBL98525;-2.529711;0.17820418;0.11473766010108166
CHEMBL97517;-1.2656114;0.19866931;-0.7757812750172337
CHEMBL101933;-1.738533;0.14607735;0.41631372528561195
CHEMBL319368;-1.7700074;0.14970364;1.3550340239316478
CHEMBL95536;-0.6163559;0.32706165;-1.2812711952943474
CHEMBL100928;-1.6122565;0.15377845;0.08077760990476635
CHEMBL100149;-1.3455741;0.16315195;-0.08578962361028131
CHEMBL317938;-1.2524177;0.18509984;-0.5034571720711123
CHEMBL99401;-0.26319334;0.37119392;-0.18396469223279843
CHEMBL317769;-0.9961278;0.23448041;0.21797653386852311
CHEMBL319959;-0.9770502;0.2378055;-0.13689316710328447
CHEMBL319604;-1.6429726;0.18510182;0.4125236671608494
CHEMBL100875;-1.3545326;0.20181775;0.05350260378517646
CHEMBL98412;-0.44686615;0.3261422;0.36768490862309056
CHEMBL319175;-1.1693792;0.21471705;0.890625633361136
CHEMBL318411;-1.4414203;0.17324457;0.441420316696167
CHEMBL95995;-0.32428524;0.4243291;0.24510399293362214
CHEMBL321776;-2.0731292;0.16580361;-0.5896286545880685
CHEMBL54786;-0.9300191;0.2506713;0.24249011942425114
CHEMBL726;-2.5217001;0.29041377;-0.6942016693899449
CHEMBL716;-2.5850558;0.17045678;-0.5691855020728158
CHEMBL290106;-3.3672202;0.33278412;-0.3743253534308719
CHEMBL153676;-2.9899566;0.16640057;-0.01004338264465332
CHEMBL86401;-0.9794265;0.268373;-1.5646415411688186
CHEMBL149697;-2.6506948;0.20940048;-0.3493051528930664
CHEMBL153362;-2.8204455;0.17557982;-0.17955446243286133
CHEMBL346619;-2.7739718;0.13977316;-0.2260282039642334
CHEMBL153381;-3.057011;0.2595307;0.05701088905334473
CHEMBL357943;-2.7607484;0.15910572;-0.23925161361694336
CHEMBL422512;-2.8930361;0.2095611;-0.4101599303300345
CHEMBL157605;-2.3530533;0.23350352;-0.216320578239924
CHEMBL155601;-2.6809173;0.20477255;-0.29359442970632266
CHEMBL154102;-2.359559;0.09371544;-0.343732318975595
CHEMBL55362;-0.6833106;0.34066463;-0.109081061560937
CHEMBL292163;-1.3686469;0.35461488;1.0262241793004745
CHEMBL1194578;-0.946754;0.19706284;0.37855225466225306
CHEMBL59335;-1.6666784;0.18044975;-0.3747142565083226
CHEMBL59464;-1.9279251;0.14856343;-0.1860182424435557
CHEMBL356116;-3.4781559;0.33342624;0.4262319353180293
CHEMBL142309;-2.4091725;0.13881801;-1.0228341523269715
CHEMBL344796;-3.028842;0.2757399;0.7343757461894813
CHEMBL64597;-2.4271188;0.11824991;-0.35103247215488365
CHEMBL414668;-2.94247;0.2522675;-0.05752992630004883
CHEMBL153612;-2.970422;0.22188422;-0.029577970504760742
CHEMBL152083;-2.855109;0.16755284;-0.14489102363586426
CHEMBL150932;-2.944154;0.21097305;-0.05584597587585449
CHEMBL75207;-3.3613203;0.36332417;0.36132025718688965
CHEMBL303336;-2.2611926;0.18783283;-2.738807439804077
CHEMBL447188;-2.8310714;0.12838458;-0.1689286231994629
CHEMBL1154;-2.620929;0.20978567;0.34217540180901196
CHEMBL18772;-2.8158474;0.3024885;-0.6155163673084019
CHEMBL508112;-2.5925944;0.52069837;-0.2807262166683042
CHEMBL64265;-2.555267;0.15076376;0.5552670955657959
CHEMBL62750;-3.0115216;0.2147359;1.011521577835083
CHEMBL304692;-2.051031;0.13920394;0.05103111267089844
CHEMBL303519;-2.031356;0.118388265;-1.9686439037322998
CHEMBL64622;-1.9482362;0.19468479;-0.05176377296447754
CHEMBL62565;-2.4239702;0.16998985;0.42397022247314453
